Operating System,App Usage Time (min/day),Screen On Time (hours/day),Battery Drain (mAh/day),Number of Apps Installed,Data Usage (MB/day),Age,Gender,User Behavior Class,Device Model_OnePlus 9,Device Model_Samsung Galaxy S21,Device Model_Xiaomi Mi 11,Device Model_iPhone 12,Battery_per_App_Usage,Data_per_App_Usage,App_Screen_Ratio,Usage_Intensity,Age_Group,Digital_Footprint
0,393,6.4,1872,67,1122,40,0,4,0,0,0,0,4.7513,2.8477,61.3105,26331,2,1.732
0,268,4.7,1331,42,944,47,1,3,1,0,0,0,4.948,3.5093,56.9002,11256,3,1.2709
0,154,4.0,761,32,322,42,0,2,0,0,1,0,4.9097,2.0774,38.404,4928,2,0.6407
0,239,4.8,1676,56,871,20,0,3,0,0,0,0,6.9833,3.6292,49.6881,13384,0,1.3085
1,187,4.3,1367,58,988,31,1,3,0,0,0,1,7.2713,5.2553,43.3875,10846,1,1.1651
0,99,2.0,940,35,564,31,0,2,0,0,0,0,9.4,5.64,49.2537,3465,1,0.7055
0,350,7.3,1802,66,1054,21,1,4,0,1,0,0,5.1339,3.0028,47.8796,23100,0,1.6095
0,543,11.4,2956,82,1702,31,0,5,1,0,0,0,5.4338,3.1287,47.5898,44526,1,2.5773
0,340,7.7,2138,75,1053,42,1,4,0,1,0,0,6.2698,3.088,44.0986,25500,2,1.7046
1,424,6.6,1957,75,1301,42,0,4,0,0,0,1,4.6047,3.0612,64.1452,31800,2,1.8839
0,53,1.4,435,17,162,34,1,1,0,0,0,0,8.0556,3.0,37.5887,901,1,0.2988
0,215,5.5,1690,47,641,24,0,3,1,0,0,0,7.8241,2.9676,39.02,10105,0,1.1809
0,462,6.2,2303,65,1099,57,1,4,1,0,0,0,4.9741,2.3737,74.3961,30030,3,1.9822
0,215,4.9,1662,43,857,43,0,3,0,0,1,0,7.6944,3.9676,43.7882,9245,2,1.258
1,189,5.4,1754,53,779,49,1,3,0,0,0,1,9.2316,4.1,34.9353,10017,3,1.2141
0,503,10.4,2571,84,2025,39,1,5,0,0,0,0,5.1012,4.0179,48.3189,42252,2,2.5111
0,132,3.6,628,32,344,47,1,2,1,0,0,0,4.7218,2.5865,36.5651,4224,3,0.5683
1,299,5.8,1431,41,985,44,1,3,0,0,0,1,4.77,3.2833,51.463,12259,2,1.3726
0,81,1.4,558,16,297,26,1,1,0,0,0,0,6.8049,3.622,57.4468,1296,1,0.4408
1,577,8.5,2774,89,2192,29,1,5,0,0,0,1,4.7993,3.7924,67.8026,51353,1,2.7696
0,93,2.6,681,37,302,45,1,2,0,1,0,0,7.2447,3.2128,35.6322,3441,3,0.504
0,576,11.6,2803,82,1553,43,1,5,1,0,0,0,4.8579,2.6915,49.6124,47232,2,2.5217
0,423,6.5,2094,65,1372,23,1,4,0,1,0,0,4.9387,3.2358,64.977,27495,0,1.9564
0,292,5.6,1401,46,949,37,1,3,0,0,0,0,4.7816,3.2389,52.0499,13432,2,1.3364
0,216,4.0,1711,59,748,58,0,3,1,0,0,0,7.8848,3.447,53.8653,12744,3,1.2324
0,91,3.4,1073,38,451,52,0,2,0,1,0,0,11.663,4.9022,26.6862,3458,3,0.6913
1,444,7.6,2372,77,1002,29,0,4,0,0,0,1,5.3303,2.2517,58.3443,34188,1,1.9363
0,512,10.5,2409,89,1599,33,0,5,0,0,0,0,4.6959,3.117,48.7155,45568,1,2.3014
0,452,6.8,2387,77,1456,55,1,4,1,0,0,0,5.2693,3.2141,66.373,34804,3,2.1365
0,412,6.2,1899,78,1384,19,1,4,0,1,0,0,4.5981,3.3511,66.3446,32136,0,1.8777
0,260,6.0,1361,44,889,37,1,3,0,0,1,0,5.2146,3.4061,43.2612,11440,2,1.2455
0,197,4.6,1660,59,975,25,0,3,0,0,1,0,8.3838,4.9242,42.7332,11623,1,1.2745
0,278,4.7,1484,55,917,21,0,3,0,0,0,0,5.319,3.2867,59.0234,15290,0,1.3279
0,46,2.0,457,14,105,58,0,1,0,0,0,0,9.7234,2.234,22.8856,644,3,0.2717
0,593,10.2,2499,81,1616,38,1,5,0,0,1,0,4.2071,2.7205,58.0803,48033,2,2.4738
0,32,1.2,580,19,153,20,1,1,0,1,0,0,17.5758,4.6364,26.4463,608,0,0.3086
1,122,3.3,755,30,573,26,0,2,0,0,0,1,6.1382,4.6585,36.858,3660,1,0.6857
0,522,11.2,2808,93,2328,24,0,5,0,1,0,0,5.369,4.4512,46.5656,48546,0,2.7434
0,473,6.4,2312,74,1400,40,0,4,1,0,0,0,4.8776,2.9536,73.791,35002,2,2.1241
0,398,6.2,1851,77,1180,23,0,4,0,1,0,0,4.6391,2.9574,64.0902,30646,0,1.7566
0,240,4.7,1464,52,708,56,1,3,0,0,1,0,6.0747,2.9378,50.9554,12480,3,1.174
0,576,10.1,2447,83,2323,33,0,5,1,0,0,0,4.2409,4.026,56.9733,47808,1,2.7111
0,120,2.1,720,39,392,43,0,2,0,1,0,0,5.9504,3.2397,56.872,4680,2,0.5982
0,152,3.7,993,32,429,18,0,2,0,1,0,0,6.4902,2.8039,40.9704,4864,0,0.7578
0,138,2.4,837,21,572,56,1,2,0,0,1,0,6.0216,4.1151,57.2614,2898,3,0.7395
0,502,10.9,2476,96,1935,39,0,5,0,0,1,0,4.9225,3.8469,46.0128,48192,2,2.4417
0,558,8.4,2447,97,1594,22,1,5,1,0,0,0,4.3775,2.8515,66.3496,54126,0,2.3891
0,138,3.6,889,25,323,27,1,2,0,1,0,0,6.3957,2.3237,38.2271,3450,1,0.6572
0,580,8.2,2623,90,2262,49,0,5,0,0,0,0,4.5146,3.8933,70.6456,52200,3,2.7522
0,589,8.7,2736,82,1997,49,0,5,1,0,0,0,4.6373,3.3847,67.6234,48298,3,2.6988
0,452,7.4,2180,61,1417,54,1,4,0,0,1,0,4.8124,3.128,60.9987,27572,3,2.0517
0,245,5.9,1243,52,885,29,0,3,0,0,1,0,5.0528,3.5976,41.4552,12740,1,1.1794
0,125,2.7,690,28,393,27,1,2,0,1,0,0,5.4762,3.119,46.1255,3500,1,0.597
0,97,2.2,1101,38,375,53,0,2,0,0,1,0,11.2347,3.8265,43.8914,3686,3,0.6802
0,516,8.7,2857,83,2189,53,1,5,0,0,0,0,5.5261,4.234,59.2423,42828,3,2.6941
1,68,1.6,450,14,111,30,0,1,0,0,0,1,6.5217,1.6087,42.236,952,1,0.3085
0,64,1.1,572,10,161,42,1,1,1,0,0,0,8.8,2.4769,57.6577,640,2,0.3626
0,539,8.4,2796,89,2415,26,0,5,1,0,0,0,5.1778,4.4722,64.0904,47971,1,2.8027
0,428,7.0,2306,75,1144,22,0,4,0,0,1,0,5.3753,2.6667,61.0556,32100,0,1.9443
1,325,7.1,2269,64,1053,56,0,4,0,0,0,1,6.9601,3.2301,45.7103,20800,3,1.7233
0,522,11.9,2798,85,1663,28,1,5,0,0,1,0,5.3499,3.1797,43.8287,44370,1,2.4738
0,309,7.5,2292,77,1253,57,1,4,0,0,1,0,7.3935,4.0419,41.1451,23793,3,1.7843
0,79,1.9,493,14,128,55,0,1,0,0,1,0,6.1625,1.6,41.3613,1106,3,0.3481
0,545,11.5,2911,87,1717,21,1,5,0,0,1,0,5.3315,3.1447,47.3501,47415,0,2.5716
0,459,7.0,1982,67,1091,43,0,4,0,1,0,0,4.3087,2.3717,65.4779,30753,2,1.8667
1,225,4.0,1420,48,917,56,0,3,0,0,0,1,6.2832,4.0575,56.1097,10800,3,1.2179
1,257,4.5,1705,57,912,55,0,3,0,0,0,1,6.6085,3.5349,56.9845,14649,3,1.3647
0,134,4.0,773,35,449,28,1,2,0,0,1,0,5.7259,3.3259,33.4165,4690,1,0.6622
1,516,10.2,2932,98,1547,31,0,5,0,0,0,1,5.6712,2.9923,50.5387,50568,1,2.462
0,82,1.7,558,16,284,29,1,1,0,0,0,0,6.7229,3.4217,47.9532,1312,1,0.4373
0,452,7.2,1808,64,1090,45,1,4,0,1,0,0,3.9912,2.4062,62.6907,28928,3,1.7965
1,521,9.0,2902,97,1701,37,0,5,0,0,0,1,5.5594,3.2586,57.8246,50537,2,2.5221
0,457,6.3,2347,66,1082,22,0,4,0,0,0,0,5.1245,2.3624,72.4247,30162,0,1.9817
0,31,1.1,585,11,208,50,1,1,0,0,1,0,18.2812,6.5,27.9279,341,3,0.3306
1,47,2.0,476,14,125,39,0,1,0,0,0,1,9.9167,2.6042,23.3831,658,2,0.2877
0,229,5.7,1305,43,985,23,1,3,0,0,1,0,5.6739,4.2826,40.1051,9847,0,1.2134
0,34,2.0,558,14,122,54,1,1,0,0,1,0,15.9429,3.4857,16.9154,476,3,0.2921
0,173,2.5,678,29,301,30,1,2,0,0,0,0,3.8966,1.7299,68.9243,5017,1,0.6364
0,78,1.8,333,17,138,51,1,1,0,1,0,0,4.2152,1.7468,43.0939,1326,3,0.297
0,230,5.7,1254,52,989,34,1,3,0,0,0,0,5.4286,4.2814,40.2802,11960,1,1.1997
0,565,10.6,2475,99,1603,51,1,5,1,0,0,0,4.3728,2.8322,53.2516,55935,3,2.4137
1,172,2.8,1035,22,549,41,0,2,0,0,0,1,5.9827,3.1734,61.21,3784,2,0.8533
0,330,7.2,2363,77,1133,21,1,4,0,0,1,0,7.139,3.423,45.7698,25410,0,1.7951
0,39,1.8,368,11,105,19,0,1,0,0,1,0,9.2,2.625,21.547,429,0,0.2302
0,223,4.5,1311,56,695,33,1,3,0,0,0,0,5.8527,3.1027,49.4457,12488,1,1.0893
0,404,7.4,2081,63,1352,44,0,4,0,0,0,0,5.1383,3.3383,54.5209,25452,2,1.9123
0,151,2.4,1003,25,392,39,0,2,0,1,0,0,6.5987,2.5789,62.6556,3775,2,0.7446
0,34,1.5,345,11,276,44,0,1,0,1,0,0,9.8571,7.8857,22.5166,374,2,0.2827
0,137,3.3,839,31,348,34,1,2,0,0,1,0,6.0797,2.5217,41.3897,4247,1,0.6488
0,301,6.2,2053,75,1303,45,0,4,0,1,0,0,6.798,4.3146,48.4702,22575,3,1.7111
0,116,2.1,912,39,307,40,1,2,0,0,0,0,7.7949,2.6239,54.9763,4524,2,0.6216
0,291,4.1,1474,46,827,32,1,3,0,0,0,0,5.0479,2.8322,70.8029,13386,1,1.3103
1,84,1.4,501,16,284,56,1,1,0,0,0,1,5.8941,3.3412,59.5745,1344,3,0.4216
1,134,2.5,1125,24,367,35,0,2,0,0,0,1,8.3333,2.7185,53.3865,3216,2,0.7469
0,411,7.5,2169,72,1083,58,0,4,0,1,0,0,5.2646,2.6286,54.727,29592,3,1.8457
0,326,7.2,2243,73,1454,50,0,4,0,0,1,0,6.8593,4.4465,45.215,23798,3,1.8769
1,550,9.5,2916,91,1946,20,0,5,0,0,0,1,5.2922,3.5318,57.8339,50050,0,2.6733
0,516,12.0,2406,82,1968,28,1,5,1,0,0,0,4.6538,3.8066,42.9642,42312,1,2.4549
0,59,1.2,361,18,293,25,1,1,0,0,0,0,6.0167,4.8833,48.7603,1062,1,0.3366
0,225,5.5,1526,44,875,50,1,3,1,0,0,0,6.7522,3.8717,40.8348,9900,3,1.2365
0,41,1.1,389,15,136,53,0,1,0,0,0,0,9.2619,3.2381,36.9369,615,3,0.253
0,183,4.1,1210,45,738,19,0,3,1,0,0,0,6.5761,4.0109,44.5255,8235,0,1.0059
0,174,2.5,929,37,565,32,1,2,0,0,0,0,5.3086,3.2286,69.3227,6438,1,0.8276
0,274,4.2,1781,52,934,28,0,3,0,0,1,0,6.4764,3.3964,65.0831,14248,1,1.4273
0,166,2.8,1113,28,360,25,0,2,0,0,1,0,6.6647,2.1557,59.0747,4648,1,0.7936
0,66,1.2,585,12,264,36,0,1,0,0,1,0,8.7313,3.9403,54.5455,792,2,0.4116
0,152,2.7,642,38,596,55,0,2,0,0,0,0,4.1961,3.8954,56.0886,5776,3,0.7074
0,54,1.4,403,17,278,23,1,1,0,0,0,0,7.3273,5.0545,38.2979,918,0,0.3363
0,187,5.5,1754,55,711,50,1,3,0,0,1,0,9.3298,3.7819,33.9383,10285,3,1.1835
0,216,6.0,1641,41,889,39,1,3,1,0,0,0,7.5622,4.0968,35.9401,8856,2,1.2655
0,95,3.8,718,26,459,41,1,2,1,0,0,0,7.4792,4.7812,24.9344,2470,2,0.5826
0,488,8.6,2447,84,2344,19,0,5,0,0,1,0,5.0041,4.7935,56.6783,40992,0,2.5724
0,295,5.1,1483,45,748,27,1,3,0,0,0,0,5.0101,2.527,57.7299,13275,1,1.2884
0,136,3.2,818,33,404,42,0,2,0,1,0,0,5.9708,2.9489,42.3676,4488,2,0.6625
0,471,7.9,2156,76,1324,54,1,4,0,0,1,0,4.5678,2.8051,59.5449,35796,3,2.0382
1,121,3.2,651,34,596,39,0,2,0,0,0,1,5.3361,4.8852,37.6947,4114,2,0.6585
1,75,1.2,409,13,281,18,0,1,0,0,0,1,5.3816,3.6974,61.9835,975,0,0.3746
1,220,5.2,1631,49,909,27,1,3,0,0,0,1,7.3801,4.1131,42.2265,10780,1,1.2769
0,82,1.6,590,13,124,28,1,1,0,1,0,0,7.1084,1.494,50.9317,1066,1,0.3839
0,97,2.7,1018,37,428,41,0,2,0,0,0,0,10.3878,4.3673,35.7934,3589,2,0.6737
0,388,6.6,2085,71,1150,45,1,4,0,1,0,0,5.3599,2.9563,58.6989,27548,3,1.806
0,529,8.7,2484,89,2189,39,1,5,1,0,0,0,4.6868,4.1302,60.7348,47081,2,2.5912
0,584,10.0,2541,99,2391,49,1,5,0,0,0,0,4.3436,4.0872,58.3417,57816,3,2.7831
0,529,8.1,2686,96,1924,35,0,5,0,0,0,0,5.0679,3.6302,65.2281,50784,2,2.5526
0,227,5.1,1702,57,714,21,0,3,0,0,0,0,7.4649,3.1316,44.4227,12939,0,1.2342
0,535,11.8,2858,99,2378,50,0,5,0,1,0,0,5.3321,4.4366,45.3006,52965,3,2.8019
1,332,7.4,2149,68,1321,20,1,4,0,0,0,1,6.4535,3.967,44.8043,22576,0,1.8022
0,252,4.2,1439,45,667,50,1,3,0,0,0,0,5.6877,2.6364,59.8575,11340,3,1.1693
0,125,2.5,678,34,465,31,0,2,0,0,1,0,5.381,3.6905,49.8008,4250,1,0.6218
0,97,3.3,751,39,412,36,1,2,0,0,1,0,7.6633,4.2041,29.3051,3783,2,0.5781
0,540,10.8,2923,90,1886,40,0,5,0,0,0,0,5.403,3.4861,49.9537,48600,2,2.6349
0,320,7.2,2056,69,1226,52,1,4,0,0,1,0,6.405,3.8193,44.3828,22080,3,1.713
0,176,3.6,1193,30,458,40,1,2,0,0,0,0,6.7401,2.5876,48.7535,5280,2,0.8763
0,79,1.0,313,18,139,42,0,1,0,1,0,0,3.9125,1.7375,78.2178,1422,2,0.2924
0,83,1.6,303,19,285,51,0,1,0,0,1,0,3.6071,3.3929,51.5528,1577,3,0.3542
1,555,11.3,2528,90,1856,55,1,5,0,0,0,1,4.5468,3.3381,49.0716,49950,3,2.516
0,66,1.7,375,16,216,39,0,1,0,1,0,0,5.597,3.2239,38.5965,1056,2,0.3222
0,237,4.5,1368,42,868,24,1,3,0,0,1,0,5.7479,3.6471,52.5499,9954,0,1.201
0,497,9.7,2876,94,2076,18,0,5,0,1,0,0,5.7751,4.1687,51.1843,46718,0,2.6234
0,516,11.1,2429,91,1796,53,0,5,0,0,0,0,4.6983,3.4739,46.4446,46956,3,2.3937
0,219,5.2,1510,42,655,50,1,3,0,0,1,0,6.8636,2.9773,42.0345,9198,3,1.133
0,448,6.3,2044,71,1337,51,0,4,0,0,0,0,4.5523,2.9777,70.9984,31808,3,1.9675
1,156,2.2,896,37,429,57,1,2,0,0,0,1,5.707,2.7325,70.5882,5772,3,0.732
0,68,1.1,528,12,201,29,0,1,0,1,0,0,7.6522,2.913,61.2613,816,1,0.3706
1,524,11.2,2417,90,2069,29,1,5,0,0,0,1,4.6038,3.941,46.744,47160,1,2.5124
1,188,5.3,1281,45,974,35,0,3,0,0,0,1,6.7778,5.1534,35.4049,8460,2,1.1324
0,443,7.4,2289,73,1026,33,0,4,0,1,0,0,5.1554,2.3108,59.7841,32339,1,1.9165
0,52,1.6,385,19,234,24,0,1,0,0,1,0,7.2642,4.4151,32.2981,988,0,0.3093
0,228,4.2,1677,58,823,56,0,3,1,0,0,0,7.3231,3.5939,54.1568,13224,3,1.2712
0,149,3.7,873,34,459,51,0,2,0,0,0,0,5.82,3.06,40.1617,5066,3,0.7247
1,523,9.4,2583,92,1539,21,0,5,0,0,0,1,4.9294,2.937,55.5792,48116,0,2.3539
0,42,1.6,315,19,207,52,1,1,0,1,0,0,7.3256,4.814,26.087,798,3,0.2584
0,120,2.0,741,38,396,56,1,2,0,0,0,0,6.124,3.2727,59.7015,4560,3,0.6068
0,329,7.5,2277,72,1185,27,1,4,1,0,0,0,6.9,3.5909,43.8083,23688,1,1.7855
0,68,1.5,364,10,102,31,1,1,0,0,1,0,5.2754,1.4783,45.0331,680,1,0.2762
0,158,3.4,893,36,493,32,0,2,0,0,1,0,5.6164,3.1006,46.3343,5688,1,0.76
0,86,1.7,439,19,136,54,0,1,0,0,1,0,5.046,1.5632,50.2924,1634,3,0.345
0,339,7.8,2102,71,1062,51,0,4,0,0,1,0,6.1824,3.1235,43.4059,24069,3,1.6945
0,304,6.5,2375,79,1493,51,0,4,0,1,0,0,7.7869,4.8951,46.6974,24016,3,1.8998
0,131,2.4,859,26,305,40,0,2,0,0,1,0,6.5076,2.3106,54.3568,3406,2,0.6282
0,64,1.6,540,19,262,35,1,1,0,1,0,0,8.3077,4.0308,39.7516,1216,2,0.3924
0,53,1.9,526,15,112,42,0,1,0,0,1,0,9.7407,2.0741,27.7487,795,2,0.3092
0,442,7.7,2067,69,1440,45,0,4,0,0,0,0,4.6659,3.2506,57.3281,30498,3,2.0064
1,32,2.0,469,18,139,22,0,1,0,0,0,1,14.2121,4.2121,15.9204,576,0,0.2659
0,278,4.8,1238,48,851,43,1,3,0,0,1,0,4.4373,3.0502,57.7963,13344,2,1.2193
0,540,8.4,2993,98,1540,49,1,5,0,0,1,0,5.5323,2.8466,64.2093,52920,3,2.5198
0,595,11.3,2968,88,2366,30,0,5,0,0,0,0,4.9799,3.9698,52.6083,52360,1,2.9342
0,35,1.5,467,10,158,58,0,1,0,0,0,0,12.9722,4.3889,23.1788,350,3,0.2778
0,225,5.4,1370,44,791,55,1,3,0,0,0,0,6.0619,3.5,41.5896,9900,3,1.1508
0,587,11.8,2431,90,1894,47,0,5,0,0,0,0,4.1344,3.2211,49.7036,52830,3,2.5523
0,92,3.7,1124,27,524,44,0,2,0,0,1,0,12.086,5.6344,24.7978,2484,2,0.7392
0,46,1.1,487,17,208,23,0,1,0,0,0,0,10.3617,4.4255,41.4414,782,0,0.3229
0,153,2.8,935,25,578,37,1,2,1,0,0,0,6.0714,3.7532,54.4484,3825,2,0.7997
1,368,6.6,1817,72,1406,27,1,4,0,0,0,1,4.9241,3.8103,55.6732,26496,1,1.7855
0,51,1.6,509,11,113,29,1,1,0,0,1,0,9.7885,2.1731,31.677,561,1,0.3006
0,279,5.2,1660,47,629,50,1,3,0,0,0,0,5.9286,2.2464,53.5509,13113,3,1.2731
0,255,5.4,1738,42,826,21,0,3,0,0,1,0,6.7891,3.2266,47.1349,10710,0,1.3379
0,193,5.7,1471,51,972,31,1,3,0,1,0,0,7.5825,5.0103,33.8004,9843,1,1.2035
0,207,5.7,1582,52,692,38,0,3,0,0,1,0,7.6058,3.3269,36.2522,10764,2,1.1519
1,539,11.9,2853,83,2007,55,0,5,0,0,0,1,5.2833,3.7167,45.2561,44737,3,2.6583
0,151,2.4,1124,38,571,33,0,2,1,0,0,0,7.3947,3.7566,62.6556,5738,1,0.8567
0,474,6.4,2109,68,1079,24,0,4,0,0,0,0,4.44,2.2716,73.947,32232,0,1.9294
1,544,9.2,2936,83,2416,47,1,5,0,0,0,1,5.3872,4.433,59.0662,45152,3,2.8582
1,73,1.2,308,15,275,39,1,1,0,0,0,1,4.1622,3.7162,60.3306,1095,2,0.3351
0,597,10.4,2984,91,1564,34,1,5,0,0,1,0,4.99,2.6154,57.3487,54327,1,2.6217
0,498,10.7,2738,94,1995,42,0,5,0,0,0,0,5.487,3.998,46.4986,46812,2,2.5465
1,402,7.8,2014,79,1088,34,1,4,0,0,0,1,4.9975,2.6998,51.4725,31758,1,1.7809
0,75,1.1,379,15,185,37,0,1,1,0,0,0,4.9868,2.4342,67.5676,1125,2,0.3261
1,130,2.0,602,21,589,30,1,2,0,0,0,1,4.5954,4.4962,64.6766,2730,1,0.6544
0,42,1.1,402,11,265,32,1,1,0,1,0,0,9.3488,6.1628,37.8378,462,1,0.3107
1,134,2.2,917,23,423,23,0,2,0,0,0,1,6.7926,3.1333,60.6335,3082,0,0.6999
0,79,1.9,477,13,161,24,0,1,0,0,0,0,5.9625,2.0125,41.3613,1027,0,0.356
1,432,7.2,1822,63,1127,59,1,4,0,0,0,1,4.2079,2.6028,59.9168,27216,3,1.7825
1,262,4.1,1287,52,997,36,0,3,0,0,0,1,4.8935,3.7909,63.747,13624,2,1.2674
0,473,6.4,2109,79,1300,23,1,4,0,1,0,0,4.4494,2.7426,73.791,37367,0,2.0162
0,202,4.7,1512,49,659,45,1,3,0,0,0,0,7.4483,3.2463,42.8875,9898,3,1.1069
0,215,4.4,1407,41,991,47,0,3,1,0,0,0,6.5139,4.588,48.7528,8815,3,1.2265
0,151,3.7,1116,32,320,41,1,2,1,0,0,0,7.3421,2.1053,40.7008,4832,2,0.7535
0,80,1.6,549,14,197,19,0,1,1,0,0,0,6.7778,2.4321,49.6894,1120,0,0.3961
0,126,2.8,971,32,431,35,1,2,0,0,1,0,7.6457,3.3937,44.8399,4032,2,0.7077
0,495,8.9,2920,84,2252,31,1,5,0,1,0,0,5.8871,4.5403,55.5556,41580,1,2.7053
1,127,3.7,1153,35,314,37,1,2,0,0,0,1,9.0078,2.4531,34.2318,4445,2,0.7234
0,88,1.3,327,11,262,22,0,1,0,0,1,0,3.6742,2.9438,67.1756,968,0,0.3613
0,69,1.6,463,16,146,27,0,1,0,0,0,0,6.6143,2.0857,42.8571,1104,1,0.3285
0,100,3.3,961,21,433,25,0,2,1,0,0,0,9.5149,4.2871,30.2115,2100,1,0.6617
0,301,6.5,2084,71,1421,29,0,4,0,0,1,0,6.9007,4.7053,46.2366,21371,1,1.7687
0,78,1.7,455,15,207,37,1,1,0,0,0,0,5.7595,2.6203,45.614,1170,2,0.3654
0,163,3.1,620,21,419,23,0,2,0,0,0,0,3.7805,2.5549,52.4116,3423,0,0.6475
0,539,9.3,2606,92,1990,41,0,5,1,0,0,0,4.8259,3.6852,57.8947,49588,2,2.569
0,278,4.6,1385,47,823,40,1,3,0,0,0,0,4.9642,2.9498,60.3037,13066,2,1.2572
0,451,6.1,2108,76,1434,25,1,4,0,1,0,0,4.6637,3.1726,73.8134,34276,1,2.0328
0,481,10.9,2752,86,2017,18,0,5,0,1,0,0,5.7095,4.1846,44.088,41366,0,2.5316
0,133,3.4,714,38,445,25,0,2,0,1,0,0,5.3284,3.3209,39.0029,5054,1,0.6392
0,41,1.1,588,10,246,22,0,1,0,0,1,0,14.0,5.8571,36.9369,410,0,0.3635
1,152,3.3,1175,29,461,42,1,2,0,0,0,1,7.6797,3.0131,45.9215,4408,2,0.8314
0,553,8.4,2559,89,2471,51,0,5,1,0,0,0,4.6191,4.4603,65.7551,49217,3,2.7693
1,402,6.9,2282,78,1397,40,0,4,0,0,0,1,5.6625,3.4665,58.1766,31356,2,1.9942
0,555,9.5,2855,95,1565,24,0,5,1,0,0,0,5.1349,2.8147,58.3596,52725,0,2.5087
1,499,9.6,2873,81,1805,52,1,5,0,0,0,1,5.746,3.61,51.9251,40419,3,2.5172
0,101,3.2,603,28,417,43,0,2,0,0,1,0,5.9118,4.0882,31.4642,2828,2,0.5374
0,433,6.8,2093,75,1300,32,0,4,1,0,0,0,4.8226,2.9954,63.583,32475,1,1.944
0,133,2.0,1007,31,417,32,0,2,1,0,0,0,7.5149,3.1119,66.1692,4123,1,0.7259
0,351,6.1,1941,79,1290,21,1,4,0,0,1,0,5.5142,3.6648,57.4468,27729,0,1.7521
0,532,10.7,2556,83,2148,53,1,5,0,1,0,0,4.7955,4.03,49.6732,44156,3,2.6039
0,92,2.5,690,31,563,27,0,2,1,0,0,0,7.4194,6.0538,36.6534,2852,1,0.6099
0,511,10.8,2712,97,2438,59,1,5,0,0,1,0,5.2969,4.7617,47.271,49567,3,2.737
0,384,7.0,2185,72,1376,59,0,4,0,0,1,0,5.6753,3.574,54.7789,27648,3,1.9232
1,193,5.2,1318,49,626,32,1,3,0,0,0,1,6.7938,3.2268,37.0441,9457,1,1.0138
0,132,3.8,649,25,368,41,0,2,0,1,0,0,4.8797,2.7669,34.6457,3300,2,0.585
0,360,7.3,1946,79,1164,50,0,4,0,1,0,0,5.3906,3.2244,49.2476,28440,3,1.7183
1,159,2.3,1083,32,526,38,0,2,0,0,0,1,6.7688,3.2875,68.8312,5088,2,0.8384
1,495,8.9,2855,91,2150,31,0,5,0,0,0,1,5.756,4.3347,55.5556,45045,1,2.6427
0,537,10.0,2720,83,1763,35,0,5,0,0,1,0,5.0558,3.277,53.6464,44571,2,2.5128
0,129,3.4,1059,27,580,36,1,2,1,0,0,0,8.1462,4.4615,37.8299,3483,2,0.8018
1,132,3.8,636,28,529,53,0,2,0,0,0,1,4.782,3.9774,34.6457,3696,3,0.6451
0,37,1.4,369,18,295,19,1,1,0,0,1,0,9.7105,7.7632,26.2411,666,0,0.3033
0,524,8.9,2549,88,1730,20,1,5,0,1,0,0,4.8552,3.2952,58.8103,46112,0,2.4207
0,425,6.9,2142,66,1130,19,1,4,1,0,0,0,5.0282,2.6526,61.5051,28050,0,1.8789
0,64,1.7,585,13,107,53,0,1,1,0,0,0,9.0,1.6462,37.4269,832,3,0.3453
1,573,10.8,2711,96,2118,33,1,5,0,0,0,1,4.723,3.6899,53.0065,55008,1,2.7122
0,45,1.7,302,16,191,57,1,1,0,0,0,0,6.5652,4.1522,26.3158,720,3,0.2526
0,564,11.7,2764,81,2133,37,1,5,0,0,1,0,4.892,3.7752,48.164,45684,2,2.7209
0,162,3.5,761,36,338,51,0,2,1,0,0,0,4.6687,2.0736,46.1538,5832,3,0.6605
0,451,6.5,2378,69,1341,44,0,4,0,1,0,0,5.2611,2.9668,69.278,31119,2,2.0857
0,30,1.3,479,16,253,35,0,1,1,0,0,0,15.4516,8.1613,22.9008,480,2,0.3115
0,202,5.0,1542,45,844,29,0,3,0,1,0,0,7.5961,4.1576,40.3194,9090,1,1.191
0,71,1.5,590,17,257,33,0,1,0,0,0,0,8.1944,3.5694,47.0199,1207,1,0.4188
0,314,6.2,2205,63,1066,19,0,4,0,0,0,0,7.0,3.3841,50.5636,19782,0,1.6887
0,168,4.0,866,22,581,50,1,2,0,0,1,0,5.1243,3.4379,41.8953,3696,3,0.803
0,75,1.9,537,13,230,58,1,1,0,0,0,0,7.0658,3.0263,39.267,975,3,0.3969
0,42,1.4,324,13,272,29,1,1,1,0,0,0,7.5349,6.3256,29.7872,546,1,0.2874
0,441,7.9,2332,78,1477,23,1,4,1,0,0,0,5.276,3.3416,55.7522,34398,0,2.1081
0,523,10.5,2460,99,1787,22,0,5,0,0,0,0,4.6947,3.4103,49.7621,51777,0,2.4122
0,100,2.4,982,31,478,48,1,2,0,0,1,0,9.7228,4.7327,41.4938,3100,3,0.6868
0,52,1.2,398,14,172,24,1,1,1,0,0,0,7.5094,3.2453,42.9752,728,0,0.2888
0,397,7.0,2352,77,1101,46,1,4,1,0,0,0,5.9095,2.7663,56.6334,30569,3,1.8906
0,424,7.7,1863,65,1116,52,0,4,0,0,1,0,4.3835,2.6259,54.9935,27560,3,1.7784
0,272,5.0,1655,45,686,19,1,3,0,0,1,0,6.0623,2.5128,54.2914,12240,0,1.2825
0,201,4.0,1791,50,914,18,0,3,0,0,1,0,8.8663,4.5248,50.1247,10050,0,1.3006
0,570,9.0,2613,98,2497,49,1,5,0,0,1,0,4.5762,4.373,63.263,55860,3,2.8262
0,64,1.3,490,14,151,43,1,1,0,0,1,0,7.5385,2.3231,48.855,896,2,0.3312
1,334,6.6,2394,68,1227,46,1,4,0,0,0,1,7.1463,3.6627,50.5295,22712,3,1.8498
1,518,9.6,2954,93,2125,34,1,5,0,0,0,1,5.6917,4.0944,53.9022,48174,1,2.7042
0,70,1.7,359,10,109,57,0,1,0,1,0,0,5.0563,1.5352,40.9357,700,3,0.2807
1,334,6.8,2000,77,1079,40,1,4,0,0,0,1,5.9701,3.2209,49.0455,25718,2,1.6589
0,563,8.4,2849,85,1508,25,0,5,0,0,1,0,5.0514,2.6738,66.9441,47855,1,2.4973
1,181,4.1,1608,43,752,22,1,3,0,0,0,1,8.8352,4.1319,44.0389,7783,0,1.1411
0,584,9.4,2766,84,2151,32,0,5,1,0,0,0,4.7282,3.6769,62.0616,49056,1,2.7622
0,208,4.7,1642,45,861,55,0,3,0,1,0,0,7.8565,4.1196,44.1614,9360,3,1.2413
0,381,6.6,2160,69,1450,20,0,4,0,1,0,0,5.6545,3.7958,57.6399,26289,0,1.9395
0,426,6.5,1969,78,1266,53,1,4,0,0,1,0,4.6112,2.9649,65.4378,33228,3,1.8773
0,284,4.2,1360,56,888,51,0,3,1,0,0,0,4.7719,3.1158,67.4584,15904,3,1.2849
0,105,2.2,1002,29,453,31,1,2,0,0,0,0,9.4528,4.2736,47.5113,3045,1,0.6918
0,179,2.3,1014,32,588,38,0,2,0,0,0,0,5.6333,3.2667,77.4892,5728,2,0.8736
1,122,2.6,639,37,568,35,0,2,0,0,0,1,5.1951,4.6179,46.7433,4514,2,0.645
0,501,11.9,2702,88,1738,49,0,5,1,0,0,0,5.3825,3.4622,42.0655,44088,3,2.4366
0,269,5.9,1666,42,629,32,1,3,0,0,1,0,6.1704,2.3296,45.5161,11298,1,1.2584
0,230,4.4,1607,52,878,54,0,3,0,0,0,0,6.9567,3.8009,52.1542,11960,3,1.2732
0,85,1.6,417,12,122,47,0,1,0,0,1,0,4.8488,1.4186,52.795,1020,3,0.3303
0,411,7.8,2029,75,1136,33,1,4,0,1,0,0,4.9248,2.7573,52.6248,30825,1,1.8202
0,73,1.7,403,12,163,51,0,1,0,1,0,0,5.4459,2.2027,42.6901,876,3,0.322
0,39,1.7,530,11,268,26,1,1,0,0,1,0,13.25,6.7,22.807,429,1,0.3496
1,386,7.7,2114,72,1209,51,0,4,0,0,0,1,5.4625,3.124,50.0649,27792,3,1.836
0,49,1.3,542,16,169,54,1,1,0,0,0,0,10.84,3.38,37.4046,784,3,0.3307
0,411,6.9,1820,70,1024,43,0,4,0,0,0,0,4.4175,2.4854,59.479,28770,2,1.7055
0,534,10.8,2805,90,1538,37,0,5,1,0,0,0,5.243,2.8748,49.3987,48060,2,2.4461
0,314,7.4,2136,64,1376,47,1,4,0,1,0,0,6.781,4.3683,42.3752,20096,3,1.7898
0,211,4.0,1519,54,811,29,1,3,0,0,1,0,7.1651,3.8255,52.6185,11394,1,1.1852
0,121,3.7,619,36,473,47,0,2,1,0,0,0,5.0738,3.877,32.6146,4356,3,0.5986
0,84,1.2,415,10,146,50,0,1,0,0,0,0,4.8824,1.7176,69.4215,840,3,0.3376
0,448,7.6,2199,66,1047,28,0,4,1,0,0,0,4.8976,2.3318,58.8699,29568,1,1.9032
0,55,1.6,360,19,149,30,0,1,0,0,0,0,6.4286,2.6607,34.1615,1045,1,0.2719
0,59,1.8,497,10,208,36,1,1,0,0,0,0,8.2833,3.4667,32.5967,590,2,0.348
0,226,4.5,1781,45,649,27,1,3,0,0,1,0,7.8458,2.859,50.1109,10170,1,1.2329
0,580,8.5,2660,87,1795,52,0,5,0,1,0,0,4.5783,3.0895,68.1551,50460,3,2.5775
0,65,1.8,481,18,130,41,0,1,1,0,0,0,7.2879,1.9697,35.9116,1170,2,0.3215
0,458,6.6,2214,67,1163,31,1,4,1,0,0,0,4.8235,2.5338,69.289,30686,1,1.9714
1,170,2.7,805,26,344,53,1,2,0,0,0,1,4.7076,2.0117,62.7306,4420,3,0.691
1,264,5.2,1641,44,778,44,0,3,0,0,0,1,6.1925,2.9358,50.6718,11616,2,1.3013
0,122,3.3,748,35,499,59,1,2,0,0,1,0,6.0813,4.0569,36.858,4270,3,0.6538
0,420,6.5,2113,65,1314,35,0,4,0,0,1,0,5.019,3.1211,64.5161,27300,2,1.9346
1,267,4.4,1505,59,971,38,1,3,0,0,0,1,5.6157,3.6231,60.5442,15753,2,1.3382
1,469,6.0,2290,67,1086,34,1,4,0,0,0,1,4.8723,2.3106,78.0366,31423,1,1.9843
1,541,11.4,2443,89,1923,34,1,5,0,0,0,1,4.5074,3.548,47.4145,48149,1,2.491
1,155,2.9,1117,22,322,19,1,2,0,0,0,1,7.1603,2.0641,53.2646,3410,0,0.7614
0,106,2.8,686,32,594,27,0,2,1,0,0,0,6.4112,5.5514,37.7224,3392,1,0.6443
0,243,5.0,1232,47,877,43,0,3,1,0,0,0,5.0492,3.5943,48.503,11421,2,1.1692
0,410,7.5,2176,68,1213,45,1,4,1,0,0,0,5.2944,2.9513,54.5939,27880,3,1.8984
1,285,5.1,1226,57,666,20,1,3,0,0,0,1,4.2867,2.3287,55.773,16245,0,1.1529
0,397,6.8,2027,66,1167,40,0,4,1,0,0,0,5.093,2.9322,58.2966,26202,2,1.8085
0,230,4.2,1507,51,868,25,1,3,0,1,0,0,6.5238,3.7576,54.6318,11730,1,1.2357
1,341,7.2,2397,68,1055,32,1,4,0,0,0,1,7.0088,3.0848,47.2954,23188,1,1.7936
0,132,2.9,1054,32,563,20,0,2,0,0,0,0,7.9248,4.2331,45.3608,4224,0,0.7984
0,130,3.0,820,21,308,49,1,2,0,0,1,0,6.2595,2.3511,43.1894,2730,3,0.6147
1,281,4.9,1566,59,632,29,0,3,0,0,0,1,5.5532,2.2411,57.2301,16579,1,1.2462
0,74,2.0,320,11,103,55,1,1,1,0,0,0,4.2667,1.3733,36.8159,814,3,0.2719
0,299,4.3,1737,43,953,42,1,3,1,0,0,0,5.79,3.1767,69.3735,12857,2,1.462
0,116,2.2,827,29,434,28,1,2,0,0,0,0,7.0684,3.7094,52.4887,3364,1,0.6441
0,408,6.6,2026,63,1076,47,1,4,1,0,0,0,4.9535,2.6308,61.7247,25704,3,1.7901
0,508,11.3,2590,81,2481,51,0,5,0,0,0,0,5.0884,4.8743,44.916,41148,3,2.7084
1,227,4.4,1275,56,984,22,1,3,0,0,0,1,5.5921,4.3158,51.4739,12712,0,1.1997
0,274,6.0,1489,56,666,57,1,3,0,0,0,0,5.4145,2.4218,45.5907,15344,3,1.2224
0,347,6.3,2001,61,1456,21,1,4,0,0,0,0,5.75,4.1839,54.9921,21167,0,1.8319
0,76,1.3,490,14,156,31,1,1,0,0,1,0,6.3636,2.026,58.0153,1064,1,0.3533
1,445,7.5,2007,78,1115,23,0,4,0,0,0,1,4.5,2.5,59.2543,34710,0,1.8612
0,203,4.3,1554,54,638,25,1,3,1,0,0,0,7.6176,3.1275,47.0998,10962,1,1.1142
0,199,6.0,1707,57,881,55,0,3,0,1,0,0,8.535,4.405,33.1115,11343,3,1.2559
0,48,2.0,574,18,127,24,1,1,1,0,0,0,11.7143,2.5918,23.8806,864,0,0.3229
0,88,1.6,420,12,274,31,1,1,1,0,0,0,4.7191,3.0787,54.6584,1056,1,0.3972
1,541,8.3,2865,89,1820,42,1,5,0,0,0,1,5.286,3.3579,65.1023,48149,2,2.5908
0,233,4.6,1534,49,796,21,1,3,0,0,0,0,6.5556,3.4017,50.5423,11417,0,1.2209
1,176,3.8,727,36,362,47,1,2,0,0,0,1,4.1073,2.0452,46.1942,6336,3,0.6822
0,191,6.0,1762,45,904,54,0,3,1,0,0,0,9.1771,4.7083,31.7804,8595,3,1.2701
0,461,7.5,2001,69,1324,34,1,4,0,0,0,0,4.3312,2.8658,61.3848,31809,1,1.9697
0,37,1.5,375,18,246,46,1,1,0,1,0,0,9.8684,6.4737,24.5033,666,3,0.2857
0,531,9.8,2905,99,1632,45,1,5,1,0,0,0,5.4605,3.0677,54.1284,52569,3,2.5121
0,473,7.9,2292,62,1472,44,0,4,0,1,0,0,4.8354,3.1055,59.7977,29326,2,2.1463
0,30,1.3,561,15,252,34,0,1,0,1,0,0,18.0968,8.129,22.9008,450,1,0.3385
1,306,6.1,2267,70,1449,46,0,4,0,0,0,1,7.3844,4.7199,50.0818,21420,3,1.8494
1,64,1.2,590,13,155,30,0,1,0,0,0,1,9.0769,2.3846,52.8926,832,1,0.3662
1,75,1.0,435,13,223,43,0,1,0,0,0,1,5.7237,2.9342,74.2574,975,2,0.3601
1,597,10.3,2718,90,1863,26,1,5,0,0,0,1,4.5452,3.1154,57.9049,53730,1,2.6525
1,529,10.5,2971,87,1683,56,0,5,0,0,0,1,5.6057,3.1755,50.333,46023,3,2.5513
1,290,6.0,1533,54,645,57,1,3,0,0,0,1,5.268,2.2165,48.2529,15660,3,1.2555
1,256,5.8,1309,52,840,43,0,3,0,0,0,1,5.0934,3.2685,44.062,13312,2,1.2019
1,308,7.7,1974,73,1431,37,1,4,0,0,0,1,6.3883,4.6311,39.9481,22484,2,1.7477
0,156,3.3,1020,38,447,57,1,2,1,0,0,0,6.4968,2.8471,47.1299,5928,3,0.7807
0,62,1.4,542,18,266,46,0,1,0,1,0,0,8.6032,4.2222,43.9716,1116,3,0.3913
0,156,3.8,866,34,510,26,0,2,0,0,0,0,5.5159,3.2484,40.9449,5304,1,0.7545
0,303,7.4,2314,66,1387,34,0,4,0,1,0,0,7.6118,4.5625,40.8907,19998,1,1.8353
0,463,6.9,2111,73,1463,54,0,4,0,1,0,0,4.5496,3.153,67.0043,33799,3,2.0655
0,60,1.5,593,14,281,35,1,1,0,0,0,0,9.7213,4.6066,39.7351,840,2,0.411
0,225,4.6,1230,52,954,20,1,3,0,0,0,0,5.4425,4.2212,48.8069,11700,0,1.1693
0,379,7.5,1823,68,1075,53,1,4,0,1,0,0,4.7974,2.8289,50.466,25772,3,1.6734
0,53,1.4,455,14,106,54,1,1,1,0,0,0,8.4259,1.963,37.5887,742,3,0.2831
0,30,1.9,574,19,287,45,0,1,0,1,0,0,18.5161,9.2581,15.7068,570,3,0.3569
1,291,4.1,1326,51,905,55,1,3,0,0,0,1,4.5411,3.0993,70.8029,14841,3,1.2921
1,488,9.5,2840,92,1986,48,1,5,0,0,0,1,5.8078,4.0613,51.3144,44896,3,2.5603
0,74,2.0,366,13,253,44,1,1,0,0,0,0,4.88,3.3733,36.8159,962,2,0.3474
0,230,4.6,1325,55,845,54,1,3,0,1,0,0,5.7359,3.658,49.8915,12650,3,1.1657
0,517,11.8,2435,86,2208,26,0,5,0,1,0,0,4.7008,4.2625,43.7765,44462,1,2.5624
0,557,10.4,2900,97,1609,22,0,5,1,0,0,0,5.1971,2.8835,53.5062,54029,0,2.5447
0,78,1.5,341,11,259,38,1,1,0,0,1,0,4.3165,3.2785,51.6556,858,2,0.3481
1,321,7.9,2159,64,1499,45,0,4,0,0,0,1,6.705,4.6553,40.5815,20544,3,1.8585
0,579,8.6,2539,84,1935,34,0,5,0,0,1,0,4.3776,3.3362,67.2474,48636,1,2.5915
0,382,7.2,1965,67,1341,22,0,4,1,0,0,0,5.1305,3.5013,52.982,25594,0,1.8324
0,516,11.6,2464,82,1767,29,1,5,0,0,1,0,4.766,3.4178,44.4444,42312,1,2.3938
0,598,11.2,2876,85,2477,58,1,5,1,0,0,0,4.8013,4.1352,53.3452,50830,3,2.9529
0,102,3.9,747,36,408,49,1,2,1,0,0,0,7.2524,3.9612,26.087,3672,3,0.5835
1,165,2.4,816,35,503,34,0,2,0,0,0,1,4.9157,3.0301,68.4647,5775,1,0.75
1,558,9.8,2765,83,1548,25,1,5,0,0,0,1,4.9463,2.7692,56.8807,46314,1,2.4769
0,561,10.6,2547,86,1823,22,0,5,0,0,0,0,4.532,3.2438,52.8746,48246,0,2.5192
0,511,10.9,2514,91,2335,59,1,5,0,1,0,0,4.9102,4.5605,46.8378,46501,3,2.6296
0,560,11.3,2947,95,1663,25,1,5,0,0,0,0,5.2531,2.9643,49.5137,53200,1,2.5871
0,69,1.3,434,12,164,42,0,1,1,0,0,0,6.2,2.3429,52.6718,828,2,0.3261
0,44,1.1,531,17,232,26,0,1,1,0,0,0,11.8,5.1556,39.6396,748,1,0.3439
1,65,1.7,490,17,122,51,1,1,0,0,0,1,7.4242,1.8485,38.0117,1105,3,0.3213
0,458,6.0,1875,63,1072,31,1,4,0,0,0,0,4.085,2.3355,76.2063,28854,1,1.8217
0,525,10.8,2445,99,1623,57,0,5,0,1,0,0,4.6483,3.0856,48.5661,51975,3,2.3448
0,106,3.0,922,22,313,51,0,2,1,0,0,0,8.6168,2.9252,35.2159,2332,3,0.6107
1,188,4.6,1767,47,653,34,0,3,0,0,0,1,9.3492,3.455,40.7809,8836,1,1.1663
1,493,10.4,2453,99,1813,39,0,5,0,0,0,1,4.9656,3.67,47.3583,48807,2,2.3701
0,84,1.5,373,19,299,37,1,1,1,0,0,0,4.3882,3.5176,55.6291,1596,2,0.3848
0,104,2.9,653,35,322,30,0,2,1,0,0,0,6.219,3.0667,35.7388,3640,1,0.521
0,102,3.0,890,38,548,28,0,2,0,1,0,0,8.6408,5.3204,33.887,3876,1,0.6874
1,349,6.6,2041,78,1096,40,1,4,0,0,0,1,5.8314,3.1314,52.7988,27222,2,1.7045
0,98,2.0,925,32,457,28,0,2,1,0,0,0,9.3434,4.6162,48.7562,3136,1,0.656
0,72,1.3,461,13,199,32,0,1,0,1,0,0,6.3151,2.726,54.9618,936,1,0.3541
0,563,11.6,2968,92,2191,34,1,5,0,0,1,0,5.2624,3.8848,48.4927,51796,1,2.8106
0,119,2.8,775,31,313,50,1,2,0,0,1,0,6.4583,2.6083,42.3488,3689,3,0.5833
0,311,7.9,2231,69,1021,36,0,4,1,0,0,0,7.1506,3.2724,39.3173,21459,2,1.6744
0,337,6.1,1901,76,1359,58,0,4,1,0,0,0,5.6243,4.0207,55.1555,25612,3,1.7429
0,168,3.5,1055,29,313,54,0,2,0,1,0,0,6.2426,1.8521,47.8632,4872,3,0.7588
1,331,7.4,2129,66,1459,53,0,4,0,0,0,1,6.4127,4.3946,44.6694,21846,3,1.8491
0,589,9.2,2663,84,1774,45,1,5,0,0,0,0,4.5136,3.0068,63.9522,49476,3,2.5851
0,472,6.8,2288,61,1356,52,0,4,0,0,1,0,4.8372,2.8668,69.3098,28792,3,2.0968
0,78,1.1,437,14,143,27,1,1,0,0,1,0,5.5316,1.8101,70.2703,1092,1,0.3337
1,517,11.6,2798,90,2175,20,0,5,0,0,0,1,5.4015,4.1988,44.5306,46530,0,2.6704
0,41,1.6,323,18,221,43,1,1,1,0,0,0,7.6905,5.2619,25.4658,738,2,0.265
0,49,1.5,571,10,203,29,0,1,1,0,0,0,11.42,4.06,32.4503,490,1,0.354
0,522,11.1,2821,86,1891,42,0,5,0,0,1,0,5.3939,3.6157,46.9847,44892,2,2.5728
0,97,2.7,612,36,508,53,0,2,0,0,0,0,6.2449,5.1837,35.7934,3492,3,0.5701
1,411,7.4,1960,71,1264,40,0,4,0,0,0,1,4.7573,3.068,55.4656,29181,2,1.8484
0,566,8.6,2595,89,1657,51,1,5,0,1,0,0,4.5767,2.9224,65.7375,50374,3,2.4771
1,559,8.2,2618,84,2102,22,1,5,0,0,0,1,4.675,3.7536,68.0877,46956,0,2.6513
0,478,7.3,2340,69,1017,43,1,4,0,0,0,0,4.8852,2.1232,65.3899,32982,2,1.9884
0,147,3.2,994,33,567,25,1,2,0,0,1,0,6.7162,3.8311,45.7944,4851,1,0.805
0,395,7.3,2291,61,1049,55,1,4,1,0,0,0,5.7854,2.649,54.0356,24095,3,1.8461
0,357,7.8,2289,74,1242,22,1,4,0,1,0,0,6.3939,3.4693,45.7106,26418,0,1.8592
0,405,6.9,2366,61,1434,51,0,4,0,0,0,0,5.8276,3.532,58.6107,24705,3,2.0421
0,501,11.8,2790,86,2074,31,1,5,0,1,0,0,5.5578,4.1315,42.4217,43086,1,2.6006
0,575,8.2,2918,88,1928,50,0,5,0,0,1,0,5.066,3.3472,70.0365,50600,3,2.7086
0,257,5.1,1692,46,769,52,1,3,1,0,0,0,6.5581,2.9806,50.2935,11822,3,1.3031
1,270,5.0,1532,51,957,35,0,3,0,0,0,1,5.6531,3.5314,53.8922,13770,2,1.3466
0,116,2.0,1171,22,573,33,1,2,0,0,0,0,10.0085,4.8974,57.7114,2552,1,0.8147
1,98,2.3,608,24,394,56,0,2,0,0,0,1,6.1414,3.9798,42.4242,2352,3,0.5248
0,264,5.1,1293,52,737,27,1,3,0,0,1,0,4.8792,2.7811,51.6634,13728,1,1.1686
0,572,11.7,2655,91,2481,57,1,5,0,1,0,0,4.6335,4.3298,48.8471,52052,3,2.8372
0,202,4.9,1549,43,964,27,1,3,0,0,1,0,7.6305,4.7488,41.1405,8686,1,1.2414
1,83,1.4,454,11,228,46,0,1,0,0,0,1,5.4048,2.7143,58.8652,913,3,0.3818
1,32,1.4,416,12,198,56,0,1,0,0,0,1,12.6061,6.0,22.695,384,3,0.2718
1,168,3.2,716,38,414,43,0,2,0,0,0,1,4.2367,2.4497,52.3364,6384,2,0.686
1,416,6.1,2115,71,1041,22,1,4,0,0,0,1,5.0719,2.4964,68.0851,29536,0,1.8192
0,46,1.1,536,18,167,28,1,1,0,0,1,0,11.4043,3.5532,41.4414,828,1,0.3229
0,201,5.0,1482,59,709,24,0,3,1,0,0,0,7.3366,3.5099,40.1198,11859,0,1.1152
0,130,2.8,1062,24,579,37,0,2,0,1,0,0,8.1069,4.4198,46.2633,3120,2,0.8041
0,98,2.4,747,36,403,44,1,2,1,0,0,0,7.5455,4.0707,40.6639,3528,2,0.5749
0,105,3.8,967,28,489,51,0,2,1,0,0,0,9.1226,4.6132,27.5591,2940,3,0.6945
0,94,2.3,1033,33,369,58,0,2,0,0,1,0,10.8737,3.8842,40.6926,3102,3,0.6501
0,540,10.1,2757,90,2180,37,0,5,0,0,1,0,5.0961,4.0296,53.4125,48600,2,2.6972
1,266,5.5,1238,59,839,22,0,3,0,0,0,1,4.6367,3.1423,48.2759,15694,0,1.1945
1,140,3.8,1137,36,506,53,0,2,0,0,0,1,8.0638,3.5887,36.7454,5040,3,0.8166
0,534,10.4,2672,90,1702,51,0,5,0,0,0,0,4.9944,3.1813,51.2968,48060,3,2.4673
0,46,2.0,309,15,116,42,0,1,1,0,0,0,6.5745,2.4681,22.8856,690,2,0.2266
1,581,8.4,2591,99,2304,58,0,5,0,0,0,1,4.4519,3.9588,69.0844,57519,3,2.76
0,105,3.4,798,21,467,34,1,2,0,0,1,0,7.5283,4.4057,30.7918,2205,1,0.6292
0,221,4.4,1341,46,862,20,0,3,1,0,0,0,6.0405,3.8829,50.1134,10166,0,1.1628
1,41,1.7,408,16,291,34,0,1,0,0,0,1,9.7143,6.9286,23.9766,656,1,0.3214
0,105,3.0,728,24,343,52,1,2,1,0,0,0,6.8679,3.2358,34.8837,2520,3,0.5562
0,123,3.9,915,39,468,18,0,2,0,0,0,0,7.379,3.7742,31.4578,4797,0,0.6988
0,260,5.7,1725,56,920,36,1,3,0,0,0,0,6.6092,3.5249,45.5342,14560,2,1.3796
0,223,5.7,1295,44,751,39,0,3,0,1,0,0,5.7812,3.3527,39.0543,9812,2,1.1063
0,66,1.1,505,17,218,33,0,1,0,0,0,0,7.5373,3.2537,59.4595,1122,1,0.3664
1,231,4.0,1664,48,724,29,1,3,0,0,0,1,7.1724,3.1207,57.606,11088,1,1.2322
1,555,8.8,2540,97,2402,22,0,5,0,0,0,1,4.5683,4.3201,62.9966,53835,0,2.7387
0,378,7.2,1859,61,1318,58,0,4,0,1,0,0,4.905,3.4776,52.4272,23058,3,1.7811
0,546,8.8,2852,81,1641,24,0,5,1,0,0,0,5.2139,3.0,61.975,44226,0,2.5231
0,234,5.2,1604,58,919,58,0,3,0,1,0,0,6.8255,3.9106,44.9136,13572,3,1.2953
0,152,3.0,617,22,306,22,1,2,0,1,0,0,4.0327,2.0,50.4983,3344,0,0.5829
0,34,1.2,518,10,170,20,1,1,0,0,0,0,14.8,4.8571,28.0992,340,0,0.298
0,179,3.5,1114,30,466,56,0,2,0,1,0,0,6.1889,2.5889,50.9972,5370,3,0.8582
0,591,11.8,2953,92,1903,52,0,5,1,0,0,0,4.9882,3.2145,50.0423,54372,3,2.737
0,120,3.3,734,35,583,26,0,2,0,1,0,0,6.0661,4.8182,36.2538,4200,1,0.6794
0,88,1.3,557,13,164,43,0,1,0,0,0,0,6.2584,1.8427,67.1756,1144,2,0.3989
1,143,3.9,1160,24,398,45,0,2,0,0,0,1,8.0556,2.7639,36.5729,3432,3,0.7861
1,74,1.6,436,13,182,27,1,1,0,0,0,1,5.8133,2.4267,45.9627,962,1,0.3423
1,74,1.6,587,15,275,27,1,1,0,0,0,1,7.8267,3.6667,45.9627,1110,1,0.43
0,234,4.7,1707,55,871,46,0,3,1,0,0,0,7.2638,3.7064,49.6815,12870,3,1.3105
1,56,1.0,547,10,142,58,1,1,0,0,0,1,9.5965,2.4912,55.4455,560,3,0.3333
0,174,2.4,639,37,545,50,0,2,1,0,0,0,3.6514,3.1143,72.1992,6438,3,0.7227
0,523,9.0,2696,91,1561,20,1,5,0,1,0,0,5.145,2.979,58.0466,47593,0,2.4005
0,123,3.3,938,36,438,55,0,2,0,1,0,0,7.5645,3.5323,37.1601,4428,3,0.6945
0,216,5.9,1789,54,987,55,0,3,0,1,0,0,8.2442,4.5484,36.5482,11664,3,1.3542
1,290,4.6,1694,50,809,23,0,3,0,0,0,1,5.8213,2.7801,62.9067,14500,0,1.3749
0,68,1.3,583,10,281,26,1,1,0,0,1,0,8.4493,4.0725,51.9084,680,1,0.421
0,265,4.8,1770,51,723,55,1,3,1,0,0,0,6.6541,2.718,55.0936,13515,3,1.3241
0,414,7.3,2349,75,1092,51,0,4,0,1,0,0,5.6602,2.6313,56.6347,31050,3,1.9145
0,238,4.0,1414,47,661,41,1,3,0,0,0,0,5.9163,2.7657,59.3516,11186,2,1.1351
0,429,7.5,1921,61,1102,46,0,4,0,0,1,0,4.4674,2.5628,57.1238,26169,3,1.8006
0,39,1.9,541,16,294,37,0,1,0,0,1,0,13.525,7.35,20.4188,624,2,0.3637
0,248,4.6,1396,52,883,40,0,3,0,1,0,0,5.6064,3.5462,53.7961,12896,2,1.2348
0,541,9.4,2452,93,1811,53,1,5,0,0,1,0,4.524,3.3413,57.492,50313,3,2.4492
0,139,3.0,697,37,513,26,1,2,0,0,1,0,4.9786,3.6643,46.1794,5143,1,0.6708
1,289,5.0,1625,45,687,29,0,3,0,0,0,1,5.6034,2.369,57.6846,13005,1,1.3013
0,210,4.9,1657,55,765,49,1,3,0,0,1,0,7.8531,3.6256,42.7699,11550,3,1.2112
0,412,6.2,2201,68,1085,54,1,4,0,1,0,0,5.3293,2.6271,66.3446,28016,3,1.8589
0,318,6.6,2089,77,1126,49,1,4,0,0,0,0,6.5486,3.5298,48.1089,24486,3,1.6807
1,258,4.2,1315,44,762,59,1,3,0,0,0,1,5.0772,2.9421,61.2827,11352,3,1.176
0,258,4.3,1759,59,718,41,1,3,1,0,0,0,6.7915,2.7722,59.8608,15222,2,1.3067
0,189,4.8,1681,59,795,57,0,3,0,1,0,0,8.8474,4.1842,39.2931,11151,3,1.1961
1,155,2.4,954,39,441,51,0,2,0,0,0,1,6.1154,2.8269,64.3154,6045,3,0.7546
0,528,10.4,2717,87,2140,34,0,5,0,1,0,0,5.1361,4.0454,50.7205,45936,1,2.6478
1,549,11.1,2851,87,1814,56,0,5,0,0,0,1,5.1836,3.2982,49.4149,47763,3,2.5971
0,78,1.6,470,18,230,49,1,1,0,0,1,0,5.9494,2.9114,48.4472,1404,3,0.3796
1,444,6.0,1873,61,1093,39,1,4,0,0,0,1,4.209,2.4562,73.8769,27084,2,1.806
0,80,1.1,417,18,298,36,0,1,0,0,1,0,5.1481,3.679,72.0721,1440,2,0.3924
1,131,3.8,739,34,330,57,1,2,0,0,0,1,5.5985,2.5,34.3832,4454,3,0.5981
1,228,4.4,1734,46,804,57,1,3,0,0,0,1,7.5721,3.5109,51.7007,10488,3,1.2826
0,416,7.3,1882,62,1333,32,1,4,0,0,1,0,4.5132,3.1966,56.9083,25792,1,1.8583
0,586,9.3,2403,94,2332,21,0,5,0,0,0,0,4.0937,3.9727,62.9431,55084,0,2.7167
0,416,6.1,2279,71,1096,47,0,4,0,0,0,0,5.4652,2.6283,68.0851,29536,3,1.896
1,152,3.7,948,22,507,53,1,2,0,0,0,1,6.1961,3.3137,40.9704,3344,3,0.774
0,87,1.5,594,19,198,36,1,1,0,0,1,0,6.75,2.25,57.6159,1653,2,0.4232
0,329,6.8,1892,69,1383,23,0,4,1,0,0,0,5.7333,4.1909,48.3113,22701,0,1.7362
0,107,2.5,1176,24,545,29,1,2,0,1,0,0,10.8889,5.0463,42.6295,2568,1,0.7901
0,493,10.9,2928,88,2116,57,0,5,0,0,0,0,5.9271,4.2834,45.1879,43384,3,2.6501
1,182,4.8,1500,51,807,43,1,3,0,0,0,1,8.1967,4.4098,37.8378,9282,2,1.1287
1,102,2.9,918,37,362,20,1,2,0,0,0,1,8.9126,3.5146,35.0515,3774,0,0.6223
0,274,4.5,1356,54,869,53,0,3,0,0,0,0,4.9309,3.16,60.7539,14796,3,1.2593
1,143,3.6,988,26,504,45,1,2,0,0,0,1,6.8611,3.5,39.6122,3718,3,0.7711
0,66,1.3,369,14,195,32,0,1,0,0,0,0,5.5075,2.9104,50.3817,924,1,0.3117
0,420,7.7,2017,74,1187,24,1,4,0,0,1,0,4.791,2.8195,54.4747,31080,0,1.8516
0,582,8.4,2664,91,2493,55,1,5,0,0,1,0,4.5695,4.2762,69.2033,52962,3,2.8617
0,200,5.8,1291,50,965,52,0,3,0,0,0,0,6.4229,4.801,34.4234,10000,3,1.1523
0,493,8.5,2859,99,2450,47,0,5,0,0,0,0,5.7874,4.9595,57.9318,48807,3,2.7608
0,348,6.6,2398,66,1415,49,1,4,0,1,0,0,6.8711,4.0544,52.6475,22968,3,1.9498
0,238,5.1,1408,45,941,27,0,3,0,0,1,0,5.8912,3.9372,46.5753,10710,1,1.2453
0,33,2.0,318,11,173,42,1,1,0,0,1,0,9.3529,5.0882,16.4179,363,2,0.2307
0,267,5.9,1740,45,791,22,0,3,0,0,0,0,6.4925,2.9515,45.1777,12015,0,1.3446
1,492,10.0,2513,90,1968,31,0,5,0,0,0,1,5.0974,3.9919,49.1508,44280,1,2.4505
0,241,5.3,1767,58,976,38,1,3,0,0,0,0,7.3017,4.0331,45.3861,13978,2,1.3843
0,567,10.8,2911,89,1682,39,0,5,0,1,0,0,5.125,2.9613,52.4514,50463,2,2.5944
0,36,1.6,442,17,249,34,0,1,0,1,0,0,11.9459,6.7297,22.3602,612,1,0.3076
0,110,3.4,975,31,507,57,1,2,1,0,0,0,8.7838,4.5676,32.2581,3410,3,0.7128
0,466,7.1,1984,73,1461,54,0,4,0,1,0,0,4.2484,3.1285,65.5415,34018,3,2.0272
0,126,2.2,1187,28,599,25,0,2,1,0,0,0,9.3465,4.7165,57.0136,3528,1,0.8472
0,120,3.8,940,36,535,44,0,2,0,0,1,0,7.7686,4.4215,31.4961,4320,2,0.729
1,64,1.2,592,19,218,25,0,1,0,0,0,1,9.1077,3.3538,52.8926,1216,1,0.3921
0,574,8.5,2780,87,1809,34,1,5,1,0,0,0,4.8348,3.1461,67.4501,49938,1,2.6132
0,119,2.2,1123,22,371,51,0,2,1,0,0,0,9.3583,3.0917,53.8462,2618,3,0.7228
0,350,6.5,2364,75,1485,20,0,4,1,0,0,0,6.735,4.2308,53.7634,26250,0,1.9698
0,69,1.1,535,17,250,25,0,1,0,0,0,0,7.6429,3.5714,62.1622,1173,1,0.3943
0,438,6.5,1849,64,1125,49,1,4,0,0,1,0,4.2118,2.5626,67.2811,28032,3,1.8008
0,506,11.2,2623,98,2460,48,0,5,0,1,0,0,5.1736,4.8521,45.1383,49588,3,2.7077
0,272,5.2,1390,45,792,57,1,3,0,1,0,0,5.0916,2.9011,52.2073,12240,3,1.2364
0,224,4.5,1646,57,665,59,0,3,0,1,0,0,7.3156,2.9556,49.6674,12768,3,1.1909
0,99,2.4,689,36,318,29,1,2,0,0,0,0,6.89,3.18,41.0788,3564,1,0.5231
1,44,1.2,466,10,131,57,1,1,0,0,0,1,10.3556,2.9111,36.3636,440,3,0.2817
0,175,3.0,801,32,338,24,0,2,0,0,0,0,4.5511,1.9205,58.1395,5600,0,0.6956
0,228,4.8,1639,47,796,42,1,3,0,0,0,0,7.1572,3.476,47.4012,10716,2,1.2477
0,589,11.8,2629,86,2479,43,1,5,0,0,1,0,4.4559,4.2017,49.873,50654,2,2.8561
0,339,7.9,1987,66,1191,47,0,4,1,0,0,0,5.8441,3.5029,42.8571,22374,3,1.7077
1,431,6.4,2206,66,1200,23,1,4,0,0,0,1,5.1065,2.7778,67.2387,28446,0,1.9384
0,190,4.7,1276,57,915,22,1,3,0,0,1,0,6.6806,4.7906,40.3397,10830,0,1.1105
0,389,6.1,2087,67,1383,30,0,4,1,0,0,0,5.3513,3.5462,63.6661,26063,1,1.9017
0,139,3.3,937,24,573,25,1,2,0,1,0,0,6.6929,4.0929,41.994,3336,1,0.775
0,289,5.9,1528,48,915,30,0,3,0,1,0,0,5.269,3.1552,48.9002,13872,1,1.3602
0,593,11.1,2672,82,2258,34,1,5,0,1,0,0,4.4983,3.8013,53.3753,48626,1,2.7887
0,576,9.5,2638,98,2281,38,1,5,0,0,0,0,4.5719,3.9532,60.5678,56448,2,2.7581
0,592,9.4,2867,95,1701,27,1,5,1,0,0,0,4.8347,2.8685,62.9118,56240,1,2.6291
1,567,10.5,2817,89,2194,52,0,5,0,0,0,1,4.9595,3.8627,53.9486,50463,3,2.768
1,170,2.5,740,21,537,25,1,2,0,0,0,1,4.3275,3.1404,67.7291,3570,1,0.7466
0,242,5.4,1307,48,642,28,0,3,0,0,0,0,5.3786,2.642,44.732,11616,1,1.0985
0,275,5.5,1616,48,656,55,0,3,0,1,0,0,5.8551,2.3768,49.9093,13200,3,1.2625
0,544,9.7,2633,97,1727,28,1,5,0,0,0,0,4.8312,3.1688,56.0247,52768,1,2.481
0,50,2.0,362,17,182,34,1,1,1,0,0,0,7.098,3.5686,24.8756,850,1,0.2774
0,236,4.6,1750,45,971,21,1,3,1,0,0,0,7.384,4.097,51.1931,10620,0,1.3682
1,139,2.6,658,33,358,58,1,2,0,0,0,1,4.7,2.5571,53.2567,4587,3,0.5957
0,383,6.6,2155,74,1360,45,0,4,0,0,0,0,5.612,3.5417,57.9425,28342,3,1.9051
0,172,4.0,1047,32,508,21,1,2,0,1,0,0,6.052,2.9364,42.8928,5504,0,0.8409
0,455,6.2,1984,72,1287,42,0,4,0,0,1,0,4.3509,2.8224,73.2689,32760,2,1.9392
0,157,2.5,1110,30,373,37,1,2,0,1,0,0,7.0253,2.3608,62.5498,4710,2,0.7828
1,173,3.8,605,23,583,32,0,2,0,0,0,1,3.477,3.3506,45.4068,3979,1,0.7249
0,405,7.3,2082,75,1162,37,1,4,0,1,0,0,5.1281,2.8621,55.4036,30375,2,1.8382
1,387,6.6,2168,61,1246,19,1,4,0,0,0,1,5.5876,3.2113,58.5477,23607,0,1.8705
0,201,4.9,1633,41,972,32,1,3,0,0,1,0,8.0842,4.8119,40.9369,8241,1,1.271
1,142,3.5,625,25,370,40,1,2,0,0,0,1,4.3706,2.5874,40.4558,3550,2,0.5945
0,198,4.2,1392,43,640,27,0,3,0,1,0,0,6.995,3.2161,47.0309,8514,1,1.0525
0,361,7.6,2037,65,1056,55,0,4,0,0,0,0,5.6271,2.9171,47.4376,23465,3,1.7072
0,553,11.6,2914,81,1860,47,0,5,1,0,0,0,5.2599,3.3574,47.6314,44793,3,2.6432
0,408,6.2,2245,69,1103,38,1,4,0,1,0,0,5.489,2.6968,65.7005,28152,2,1.8741
0,121,2.1,1188,21,578,18,0,2,0,0,1,0,9.7377,4.7377,57.346,2541,0,0.8307
0,71,1.4,508,15,265,33,1,1,0,0,0,0,7.0556,3.6806,50.3546,1065,1,0.3946
1,46,1.6,440,10,265,31,0,1,0,0,0,1,9.3617,5.6383,28.5714,460,1,0.3301
0,290,4.4,1272,55,910,44,0,3,0,0,1,0,4.3711,3.1271,65.7596,15950,2,1.2744
0,60,1.3,462,15,296,40,0,1,0,1,0,0,7.5738,4.8525,45.8015,900,2,0.3732
0,116,3.9,1132,26,498,35,1,2,0,0,0,0,9.6752,4.2564,29.6675,3016,2,0.7716
0,86,1.7,312,16,227,32,0,1,1,0,0,0,3.5862,2.6092,50.2924,1376,1,0.339
0,291,5.3,1537,43,700,49,1,3,0,0,0,0,5.2637,2.3973,54.8023,12513,3,1.2805
0,404,6.6,2181,77,1327,18,0,4,0,0,0,0,5.3852,3.2765,61.1195,31108,0,1.9357
0,441,7.1,1928,74,1421,57,0,4,1,0,0,0,4.362,3.2149,62.0253,32634,3,1.9507
0,444,6.1,2229,73,1194,25,1,4,0,0,0,0,5.009,2.6831,72.6678,32412,1,1.9654
0,211,5.9,1757,42,864,56,1,3,1,0,0,0,8.2877,4.0755,35.7022,8862,3,1.2859
0,537,9.1,2858,86,2158,22,0,5,0,1,0,0,5.3123,4.0112,58.9462,46182,0,2.7171
0,519,10.9,2571,93,2163,47,1,5,0,0,1,0,4.9442,4.1596,47.571,48267,3,2.5931
0,94,3.5,606,30,446,49,0,2,0,1,0,0,6.3789,4.6947,26.7806,2820,3,0.5383
0,554,10.3,2776,83,1606,34,1,5,0,0,0,0,5.0018,2.8937,53.7342,45982,1,2.4971
1,381,7.5,2216,66,1291,37,1,4,0,0,0,1,5.801,3.3796,50.7324,25146,2,1.8945
0,257,6.0,1715,49,916,40,1,3,1,0,0,0,6.6473,3.5504,42.7621,12593,2,1.3696
0,47,1.1,532,18,122,36,0,1,0,1,0,0,11.0833,2.5417,42.3423,846,2,0.3052
1,527,10.0,2430,82,1737,27,1,5,0,0,0,1,4.6023,3.2898,52.6474,43214,1,2.3888
0,148,2.7,625,34,416,27,0,2,0,1,0,0,4.1946,2.7919,54.6125,5032,1,0.6229
1,191,5.7,1414,53,991,19,1,3,0,0,0,1,7.3646,5.1615,33.4501,10123,0,1.1887
0,71,1.9,571,10,117,43,1,1,0,0,0,0,7.9306,1.625,37.1728,710,2,0.3564
0,73,1.3,538,19,175,30,1,1,1,0,0,0,7.2703,2.3649,55.7252,1387,1,0.3719
0,149,3.1,1191,28,563,29,0,2,1,0,0,0,7.94,3.7533,47.91,4172,1,0.8726
0,197,4.4,1665,44,608,43,1,3,0,0,1,0,8.4091,3.0707,44.6712,8668,2,1.1292
0,328,6.1,1975,72,1101,24,0,4,0,1,0,0,6.003,3.3465,53.6825,23616,0,1.6493
0,424,7.5,1995,75,1228,36,0,4,1,0,0,0,4.6941,2.8894,56.4581,31800,2,1.8674
0,111,3.6,627,26,464,39,1,2,0,1,0,0,5.5982,4.1429,30.7479,2886,2,0.5809
0,159,3.7,630,33,575,30,0,2,0,1,0,0,3.9375,3.5938,42.8571,5247,1,0.7067
0,580,11.5,2767,84,2341,36,1,5,0,0,0,0,4.7625,4.0293,50.391,48720,2,2.8319
0,379,7.7,1809,64,1050,22,1,4,0,1,0,0,4.7605,2.7632,49.1569,24256,0,1.6587
0,217,4.2,1500,42,677,26,1,3,0,1,0,0,6.8807,3.1055,51.5439,9114,1,1.1352
0,447,6.3,1959,63,1441,48,0,4,0,0,1,0,4.3728,3.2165,70.8399,28161,3,1.9791
0,512,10.5,2538,82,1694,41,0,5,1,0,0,0,4.9474,3.3021,48.7155,41984,2,2.3826
0,511,10.8,2529,91,2387,21,0,5,0,0,1,0,4.9395,4.6621,47.271,46501,0,2.6554
0,140,2.5,825,31,347,59,0,2,1,0,0,0,5.8511,2.461,55.7769,4340,3,0.6487
0,114,3.0,1131,31,596,28,0,2,0,1,0,0,9.8348,5.1826,37.8738,3534,1,0.8072
0,192,4.3,1382,42,905,47,1,3,0,1,0,0,7.1606,4.6891,44.5476,8064,3,1.1452
1,325,6.0,2244,70,1296,30,1,4,0,0,0,1,6.8834,3.9755,54.0765,22750,1,1.8123
0,83,1.2,545,15,284,44,0,1,1,0,0,0,6.4881,3.381,68.595,1245,2,0.4346
0,122,3.0,922,32,373,43,0,2,1,0,0,0,7.4959,3.0325,40.5316,3904,2,0.6614
0,138,2.1,660,22,424,41,1,2,1,0,0,0,4.7482,3.0504,65.4028,3036,2,0.6211
0,182,5.3,1278,42,885,54,1,3,1,0,0,0,6.9836,4.8361,34.275,7644,3,1.0858
0,425,6.0,1928,72,1150,53,1,4,1,0,0,0,4.5258,2.6995,70.7155,30600,3,1.8154
0,580,10.4,2496,81,2441,37,1,5,1,0,0,0,4.296,4.2014,55.7157,46980,2,2.7814
0,203,4.0,1323,56,787,21,0,3,0,0,1,0,6.4853,3.8578,50.6234,11368,0,1.0967
0,258,4.9,1596,56,937,40,1,3,0,0,1,0,6.1622,3.6178,52.5458,14448,2,1.3399
1,551,8.5,2927,92,1901,51,0,5,0,0,0,1,5.3025,3.4438,64.7474,50692,3,2.6607
1,507,9.6,2606,95,1543,48,0,5,0,0,0,1,5.1299,3.0374,52.7575,48165,3,2.3365
0,57,1.3,489,16,131,37,0,1,0,0,1,0,8.431,2.2586,43.5115,912,2,0.3112
0,553,10.2,2911,82,2441,44,0,5,0,0,1,0,5.2545,4.4061,54.1626,45346,2,2.8749
0,49,1.1,395,16,153,46,1,1,0,0,0,0,7.9,3.06,44.1441,784,3,0.2752
0,106,4.0,1158,23,493,18,0,2,0,1,0,0,10.8224,4.6075,26.4339,2438,0,0.7616
0,119,3.7,608,36,461,52,0,2,0,0,0,0,5.0667,3.8417,32.0755,4284,3,0.5868
0,288,5.4,1476,49,767,36,1,3,1,0,0,0,5.1073,2.654,53.2348,14112,2,1.2819
0,225,5.6,1388,55,965,36,1,3,0,0,0,0,6.1416,4.2699,40.107,12375,2,1.2265
0,342,7.0,1826,71,1077,26,1,4,1,0,0,0,5.3236,3.1399,48.7874,24282,1,1.6133
0,292,4.2,1407,54,867,59,0,3,0,1,0,0,4.802,2.959,69.3587,15768,3,1.3056
1,218,5.0,1475,46,972,59,1,3,0,0,0,1,6.7352,4.4384,43.513,10028,3,1.2466
0,64,1.8,351,15,274,56,0,1,0,0,0,0,5.4,4.2154,35.3591,960,3,0.334
0,453,7.4,2363,65,1046,41,1,4,0,0,1,0,5.2048,2.304,61.1336,29445,2,1.9659
0,42,1.8,417,15,284,21,0,1,1,0,0,0,9.6977,6.6047,23.2044,630,0,0.3233
0,36,1.5,310,15,272,45,0,1,0,1,0,0,8.3784,7.3514,23.8411,540,3,0.2727
0,55,1.8,328,12,196,31,1,1,1,0,0,0,5.8571,3.5,30.3867,660,1,0.2801
1,210,5.0,1614,53,679,55,1,3,0,0,0,1,7.6493,3.218,41.9162,11130,3,1.1624
1,227,5.2,1446,46,920,59,0,3,0,0,0,1,6.3421,4.0351,43.5701,10442,3,1.2312
0,47,1.2,437,18,234,55,0,1,0,0,1,0,9.1042,4.875,38.843,846,3,0.3183
1,461,6.3,1988,62,1004,21,0,4,0,0,0,1,4.303,2.1732,73.0586,28582,0,1.8372
0,94,3.1,1078,38,489,25,0,2,0,0,0,0,11.3474,5.1474,30.2251,3572,1,0.7132
0,216,5.1,1483,54,977,45,1,3,0,1,0,0,6.8341,4.5023,42.2701,11664,3,1.248
1,496,10.2,2587,84,1921,56,1,5,0,0,0,1,5.2052,3.8652,48.5798,41664,3,2.4631
0,138,3.2,1142,31,366,29,1,2,1,0,0,0,8.2158,2.6331,42.9907,4278,1,0.7589
1,318,6.6,2055,67,1253,43,0,4,0,0,0,1,6.442,3.9279,48.1089,21306,2,1.7202
0,96,3.4,1198,39,401,48,1,2,0,1,0,0,12.3505,4.134,28.1525,3744,3,0.7214
0,510,10.7,2433,90,1729,47,0,5,1,0,0,0,4.7613,3.3836,47.619,45900,3,2.3582
0,83,1.1,546,10,289,32,1,1,0,0,1,0,6.5,3.4405,74.7748,830,1,0.437
0,417,6.2,2074,63,1135,35,1,4,0,0,0,0,4.9617,2.7153,67.1498,26271,2,1.8448
0,538,9.8,2778,91,2080,35,1,5,0,0,0,0,5.154,3.859,54.842,48958,2,2.6608
0,63,1.8,321,11,271,42,0,1,0,1,0,0,5.0156,4.2344,34.8066,693,2,0.3211
0,50,1.4,443,16,255,26,1,1,1,0,0,0,8.6863,5.0,35.461,800,1,0.3337
0,502,8.2,2597,90,1553,27,0,5,0,0,0,0,5.163,3.0875,61.1449,45180,1,2.3291
0,105,3.3,723,35,566,46,0,2,1,0,0,0,6.8208,5.3396,31.7221,3675,3,0.6438
0,186,4.8,1494,53,949,20,1,3,0,0,0,0,7.9893,5.0749,38.6694,9858,0,1.1903
0,174,2.9,1197,23,345,20,1,2,0,0,1,0,6.84,1.9714,59.7938,4002,0,0.8291
0,89,1.3,314,16,201,58,1,1,0,1,0,0,3.4889,2.2333,67.9389,1424,3,0.3342
1,66,1.5,565,17,283,42,1,1,0,0,0,1,8.4328,4.2239,43.7086,1122,2,0.4125
1,389,6.3,2294,76,1334,53,0,4,0,0,0,1,5.8821,3.4205,61.6482,29564,3,1.9512
0,186,5.4,1627,58,790,31,1,3,0,0,1,0,8.7005,4.2246,34.3808,10788,1,1.171
0,149,2.0,1041,39,356,49,0,2,0,0,0,0,6.94,2.3733,74.1294,5811,3,0.7395
1,69,1.7,519,10,167,51,1,1,0,0,0,1,7.4143,2.3857,40.3509,690,3,0.3557
0,206,5.2,1632,47,694,30,0,3,0,0,1,0,7.8841,3.3527,39.5393,9682,1,1.1677
0,49,1.2,365,19,144,29,0,1,0,1,0,0,7.3,2.88,40.4959,931,1,0.2616
0,594,10.5,2839,91,1647,56,0,5,0,0,0,0,4.7714,2.7681,56.5176,54054,3,2.6014
0,104,3.7,1028,29,493,39,0,2,0,0,0,0,9.7905,4.6952,28.0323,3016,2,0.7148
0,262,5.6,1489,59,628,54,1,3,0,0,0,0,5.6616,2.3878,46.7023,15458,3,1.1871
0,278,5.3,1368,56,894,40,1,3,0,0,1,0,4.9032,3.2043,52.354,15568,2,1.28
0,463,6.8,2358,68,1236,43,1,4,0,0,1,0,5.0819,2.6638,67.9883,31484,2,2.0571
0,505,9.6,2464,91,2375,35,0,5,0,0,1,0,4.8696,4.6937,52.5494,45955,2,2.6189
0,50,1.5,387,12,146,59,0,1,0,0,0,0,7.5882,2.8627,33.1126,600,3,0.2714
0,138,3.1,947,29,545,48,0,2,0,0,1,0,6.8129,3.9209,44.373,4002,3,0.7654
0,130,3.2,1189,37,448,45,0,2,0,0,1,0,9.0763,3.4198,40.4984,4810,3,0.7941
0,469,6.4,1858,78,1297,55,1,4,0,0,0,0,3.9532,2.7596,73.1669,36582,3,1.9245
0,555,10.3,2568,83,2003,52,0,5,0,0,1,0,4.6187,3.6025,53.8312,46065,3,2.5883
1,198,5.4,1544,53,635,53,0,3,0,0,0,1,7.7588,3.191,36.5989,10494,3,1.1013
0,529,11.4,2891,82,1845,46,0,5,0,1,0,0,5.4547,3.4811,46.3628,43378,3,2.5894
0,205,5.5,1699,49,729,36,0,3,0,1,0,0,8.2476,3.5388,37.2051,10045,2,1.2024
1,170,2.4,1039,38,334,23,0,2,0,0,0,1,6.076,1.9532,70.5394,6460,0,0.7652
0,160,3.2,648,31,339,27,1,2,0,1,0,0,4.0248,2.1056,49.8442,4960,1,0.6198
1,81,1.6,387,13,224,48,0,1,0,0,0,1,4.7195,2.7317,50.3106,1053,3,0.3545
0,468,7.3,1937,64,1209,22,0,4,0,0,0,0,4.1301,2.5778,64.0219,29952,0,1.914
0,500,11.2,2925,84,2438,27,0,5,0,0,1,0,5.8383,4.8663,44.603,42000,1,2.7898
0,37,1.6,490,18,216,52,0,1,0,0,0,0,12.8947,5.6842,22.9814,666,3,0.3121
0,522,11.4,2776,93,1768,27,1,5,0,0,1,0,5.3078,3.3805,45.7493,48546,1,2.5085
0,81,1.5,545,17,159,40,0,1,0,0,1,0,6.6463,1.939,53.6424,1377,2,0.3812
0,141,3.8,689,38,576,34,0,2,1,0,0,0,4.8521,4.0563,37.0079,5358,1,0.6967
0,115,3.5,706,26,495,52,1,2,0,1,0,0,6.0862,4.2672,32.7635,2990,3,0.6264
0,298,4.6,1525,59,814,36,1,3,0,0,0,0,5.1003,2.7224,64.6421,17582,2,1.3338
1,33,1.8,334,16,113,36,1,1,0,0,0,1,9.8235,3.3235,18.232,528,2,0.212
0,307,6.1,2105,76,1111,25,1,4,0,0,0,0,6.8344,3.6071,50.2455,23332,1,1.6616
0,380,7.6,2354,77,1191,30,0,4,0,0,1,0,6.1785,3.126,49.9343,29260,1,1.8989
0,190,5.5,1718,58,815,42,0,3,0,0,1,0,8.9948,4.267,34.4828,11020,2,1.2181
0,75,1.6,325,12,225,45,0,1,0,1,0,0,4.2763,2.9605,46.5839,900,3,0.3241
0,218,4.0,1221,47,822,25,0,3,0,0,0,0,5.5753,3.7534,54.3641,10246,1,1.1017
0,412,6.6,1859,67,1393,18,0,4,0,0,1,0,4.5012,3.3729,62.3298,27604,0,1.8679
0,335,7.7,2037,68,1007,18,0,4,0,0,0,0,6.0625,2.997,43.4501,22780,0,1.6441
0,387,6.3,2098,61,1178,54,0,4,1,0,0,0,5.4072,3.0361,61.3312,23607,3,1.8199
0,261,4.9,1589,56,824,52,1,3,0,0,0,0,6.0649,3.145,53.1568,14616,3,1.2974
0,541,9.5,2424,98,1550,32,0,5,0,1,0,0,4.4723,2.8598,56.8875,53018,1,2.3353
0,195,5.7,1447,48,679,30,0,3,0,0,0,0,7.3827,3.4643,34.1506,9360,1,1.0815
1,178,4.0,856,37,569,51,1,2,0,0,0,1,4.7821,3.1788,44.389,6586,3,0.8115
0,378,6.7,1898,78,1455,48,1,4,0,0,1,0,5.0079,3.8391,56.3338,29484,3,1.849
0,505,8.6,2792,82,1709,31,0,5,0,0,1,0,5.5178,3.3775,58.6527,41410,1,2.4617
0,564,9.7,2422,83,1985,34,1,5,0,1,0,0,4.2867,3.5133,58.0844,46812,1,2.5473
1,92,3.9,1082,26,381,22,0,2,0,0,0,1,11.6344,4.0968,23.5294,2392,0,0.6679
0,316,6.8,1965,68,1201,59,0,4,0,0,1,0,6.1987,3.7886,46.4023,21488,3,1.6659
0,99,3.1,942,22,457,50,1,2,0,0,0,0,9.42,4.57,31.8328,2178,3,0.6633
0,62,1.7,431,13,224,44,0,1,0,1,0,0,6.8413,3.5556,36.2573,806,2,0.3374
0,212,5.4,1306,49,828,23,1,3,1,0,0,0,6.1315,3.8873,39.1867,10388,0,1.1225
