App Usage Time (min/day),Screen On Time (hours/day),Battery Drain (mAh/day),Number of Apps Installed,Data Usage (MB/day),Age,Gender,Operating System,Addicted,Usage_Intensity,Screen_Data_Ratio
393,6.4,1872,67,1122,40,0,0,1,7.35696,0.005699020480854853
268,4.7,1331,42,944,47,1,0,0,3.56708,0.004973544973544974
154,4.0,761,32,322,42,0,0,0,1.17194,0.01238390092879257
239,4.8,1676,56,871,20,0,0,0,4.00564,0.005504587155963302
187,4.3,1367,58,988,31,1,1,0,2.55629,0.004347826086956522
99,2.0,940,35,564,31,0,0,0,0.9306,0.0035398230088495575
350,7.3,1802,66,1054,21,1,0,1,6.307,0.006919431279620853
543,11.4,2956,82,1702,31,0,0,1,16.05108,0.006694069289489137
340,7.7,2138,75,1053,42,1,0,1,7.2692,0.007305502846299811
424,6.6,1957,75,1301,42,0,1,1,8.29768,0.005069124423963133
53,1.4,435,17,162,34,1,0,0,0.23055,0.008588957055214723
215,5.5,1690,47,641,24,0,0,0,3.6335,0.008566978193146417
462,6.2,2303,65,1099,57,1,0,1,10.63986,0.005636363636363636
215,4.9,1662,43,857,43,0,0,0,3.5733,0.005710955710955711
189,5.4,1754,53,779,49,1,1,0,3.31506,0.006923076923076923
503,10.4,2571,84,2025,39,1,0,1,12.93213,0.005133267522211254
132,3.6,628,32,344,47,1,0,0,0.82896,0.010434782608695653
299,5.8,1431,41,985,44,1,1,0,4.27869,0.0058823529411764705
81,1.4,558,16,297,26,1,0,0,0.45198,0.004697986577181208
577,8.5,2774,89,2192,29,1,1,1,16.00598,0.003875968992248062
93,2.6,681,37,302,45,1,0,0,0.63333,0.008580858085808581
576,11.6,2803,82,1553,43,1,0,1,16.14528,0.007464607464607464
423,6.5,2094,65,1372,23,1,0,1,8.85762,0.0047341587764020395
292,5.6,1401,46,949,37,1,0,0,4.09092,0.0058947368421052625
216,4.0,1711,59,748,58,0,0,0,3.69576,0.0053404539385847796
91,3.4,1073,38,451,52,0,0,0,0.97643,0.00752212389380531
444,7.6,2372,77,1002,29,0,1,1,10.53168,0.007577268195413758
512,10.5,2409,89,1599,33,0,0,1,12.33408,0.0065625
452,6.8,2387,77,1456,55,1,0,1,10.78924,0.004667124227865477
412,6.2,1899,78,1384,19,1,0,1,7.82388,0.004476534296028881
260,6.0,1361,44,889,37,1,0,0,3.5386,0.006741573033707865
197,4.6,1660,59,975,25,0,0,0,3.2702,0.00471311475409836
278,4.7,1484,55,917,21,0,0,0,4.12552,0.005119825708061003
46,2.0,457,14,105,58,0,0,0,0.21022,0.018867924528301886
593,10.2,2499,81,1616,38,1,0,1,14.81907,0.006307977736549165
32,1.2,580,19,153,20,1,0,0,0.1856,0.007792207792207792
122,3.3,755,30,573,26,0,1,0,0.9211,0.005749128919860627
522,11.2,2808,93,2328,24,0,0,1,14.65776,0.00480893087161872
473,6.4,2312,74,1400,40,0,0,1,10.93576,0.0045681655960028555
398,6.2,1851,77,1180,23,0,0,1,7.36698,0.005249788314987299
240,4.7,1464,52,708,56,1,0,0,3.5136,0.006629055007052186
576,10.1,2447,83,2323,33,0,0,1,14.09472,0.004345955249569707
120,2.1,720,39,392,43,0,0,0,0.864,0.0053435114503816794
152,3.7,993,32,429,18,0,0,0,1.50936,0.008604651162790699
138,2.4,837,21,572,56,1,0,0,1.15506,0.00418848167539267
502,10.9,2476,96,1935,39,0,0,1,12.42952,0.005630165289256198
558,8.4,2447,97,1594,22,1,0,1,13.65426,0.005266457680250784
138,3.6,889,25,323,27,1,0,0,1.22682,0.011111111111111112
580,8.2,2623,90,2262,49,0,0,1,15.2134,0.003623508616880247
589,8.7,2736,82,1997,49,0,0,1,16.11504,0.004354354354354354
452,7.4,2180,61,1417,54,1,0,1,9.8536,0.005218617771509168
245,5.9,1243,52,885,29,0,0,0,3.04535,0.006659142212189616
125,2.7,690,28,393,27,1,0,0,0.8625,0.006852791878172589
97,2.2,1101,38,375,53,0,0,0,1.06797,0.005851063829787235
516,8.7,2857,83,2189,53,1,0,1,14.74212,0.003972602739726027
68,1.6,450,14,111,30,0,1,0,0.306,0.014285714285714287
64,1.1,572,10,161,42,1,0,0,0.36608,0.006790123456790124
539,8.4,2796,89,2415,26,0,0,1,15.07044,0.0034768211920529805
428,7.0,2306,75,1144,22,0,0,1,9.86968,0.00611353711790393
325,7.1,2269,64,1053,56,0,1,1,7.37425,0.006736242884250474
522,11.9,2798,85,1663,28,1,0,1,14.60556,0.007151442307692308
309,7.5,2292,77,1253,57,1,0,1,7.08228,0.005980861244019139
79,1.9,493,14,128,55,0,0,0,0.38947,0.014728682170542635
545,11.5,2911,87,1717,21,1,0,1,15.86495,0.00669383003492433
459,7.0,1982,67,1091,43,0,0,1,9.09738,0.00641025641025641
225,4.0,1420,48,917,56,0,1,0,3.195,0.004357298474945534
257,4.5,1705,57,912,55,0,1,0,4.38185,0.004928806133625411
134,4.0,773,35,449,28,1,0,0,1.03582,0.008888888888888889
516,10.2,2932,98,1547,31,0,1,1,15.12912,0.006589147286821705
82,1.7,558,16,284,29,1,0,0,0.45756,0.0059649122807017545
452,7.2,1808,64,1090,45,1,0,1,8.17216,0.006599450045829514
521,9.0,2902,97,1701,37,0,1,1,15.11942,0.005287896592244419
457,6.3,2347,66,1082,22,0,0,1,10.72579,0.005817174515235457
31,1.1,585,11,208,50,1,0,0,0.18135,0.005263157894736843
47,2.0,476,14,125,39,0,1,0,0.22372,0.015873015873015872
229,5.7,1305,43,985,23,1,0,0,2.98845,0.0057809330628803245
34,2.0,558,14,122,54,1,0,0,0.18972,0.016260162601626018
173,2.5,678,29,301,30,1,0,0,1.17294,0.008278145695364239
78,1.8,333,17,138,51,1,0,0,0.25974,0.012949640287769784
230,5.7,1254,52,989,34,1,0,0,2.8842,0.005757575757575757
565,10.6,2475,99,1603,51,1,0,1,13.98375,0.006608478802992518
172,2.8,1035,22,549,41,0,1,0,1.7802,0.00509090909090909
330,7.2,2363,77,1133,21,1,0,1,7.7979,0.006349206349206349
39,1.8,368,11,105,19,0,0,0,0.14352,0.016981132075471698
223,4.5,1311,56,695,33,1,0,0,2.92353,0.00646551724137931
404,7.4,2081,63,1352,44,0,0,1,8.40724,0.005469327420546933
151,2.4,1003,25,392,39,0,0,0,1.51453,0.0061068702290076335
34,1.5,345,11,276,44,0,0,0,0.1173,0.005415162454873646
137,3.3,839,31,348,34,1,0,0,1.14943,0.009455587392550143
301,6.2,2053,75,1303,45,0,0,1,6.17953,0.004754601226993865
116,2.1,912,39,307,40,1,0,0,1.05792,0.006818181818181819
291,4.1,1474,46,827,32,1,0,0,4.28934,0.004951690821256038
84,1.4,501,16,284,56,1,1,0,0.42084,0.004912280701754385
134,2.5,1125,24,367,35,0,1,0,1.5075,0.006793478260869565
411,7.5,2169,72,1083,58,0,0,1,8.91459,0.006918819188191882
326,7.2,2243,73,1454,50,0,0,1,7.31218,0.004948453608247423
550,9.5,2916,91,1946,20,0,1,1,16.038,0.004879301489470981
516,12.0,2406,82,1968,28,1,0,1,12.41496,0.006094464195022855
59,1.2,361,18,293,25,1,0,0,0.21299,0.004081632653061224
225,5.5,1526,44,875,50,1,0,0,3.4335,0.006278538812785388
41,1.1,389,15,136,53,0,0,0,0.15949,0.008029197080291971
183,4.1,1210,45,738,19,0,0,0,2.2143,0.005548037889039242
174,2.5,929,37,565,32,1,0,0,1.61646,0.00441696113074205
274,4.2,1781,52,934,28,0,0,0,4.87994,0.004491978609625668
166,2.8,1113,28,360,25,0,0,0,1.84758,0.007756232686980609
66,1.2,585,12,264,36,0,0,0,0.3861,0.004528301886792453
152,2.7,642,38,596,55,0,0,0,0.97584,0.004522613065326634
54,1.4,403,17,278,23,1,0,0,0.21762,0.005017921146953405
187,5.5,1754,55,711,50,1,0,0,3.27998,0.007724719101123595
216,6.0,1641,41,889,39,1,0,0,3.54456,0.006741573033707865
95,3.8,718,26,459,41,1,0,0,0.6821,0.00826086956521739
488,8.6,2447,84,2344,19,0,0,1,11.94136,0.003667377398720682
295,5.1,1483,45,748,27,1,0,0,4.37485,0.006809078771695593
136,3.2,818,33,404,42,0,0,0,1.11248,0.007901234567901235
471,7.9,2156,76,1324,54,1,0,1,10.15476,0.005962264150943397
121,3.2,651,34,596,39,0,1,0,0.78771,0.005360134003350084
75,1.2,409,13,281,18,0,1,0,0.30675,0.00425531914893617
220,5.2,1631,49,909,27,1,1,0,3.5882,0.005714285714285714
82,1.6,590,13,124,28,1,0,0,0.4838,0.0128
97,2.7,1018,37,428,41,0,0,0,0.98746,0.006293706293706294
388,6.6,2085,71,1150,45,1,0,1,8.0898,0.005734144222415291
529,8.7,2484,89,2189,39,1,0,1,13.14036,0.003972602739726027
584,10.0,2541,99,2391,49,1,0,1,14.83944,0.004180602006688963
529,8.1,2686,96,1924,35,0,0,1,14.20894,0.004207792207792207
227,5.1,1702,57,714,21,0,0,0,3.86354,0.007132867132867132
535,11.8,2858,99,2378,50,0,0,1,15.2903,0.004960067255149222
332,7.4,2149,68,1321,20,1,1,1,7.13468,0.0055975794251134645
252,4.2,1439,45,667,50,1,0,0,3.62628,0.006287425149700599
125,2.5,678,34,465,31,0,0,0,0.8475,0.00536480686695279
97,3.3,751,39,412,36,1,0,0,0.72847,0.007990314769975786
540,10.8,2923,90,1886,40,0,0,1,15.7842,0.005723370429252783
320,7.2,2056,69,1226,52,1,0,1,6.5792,0.0058679706601467
176,3.6,1193,30,458,40,1,0,0,2.09968,0.00784313725490196
79,1.0,313,18,139,42,0,0,0,0.24727,0.007142857142857143
83,1.6,303,19,285,51,0,0,0,0.25149,0.005594405594405594
555,11.3,2528,90,1856,55,1,1,1,14.0304,0.006085083467959074
66,1.7,375,16,216,39,0,0,0,0.2475,0.00783410138248848
237,4.5,1368,42,868,24,1,0,0,3.24216,0.005178365937859608
497,9.7,2876,94,2076,18,0,0,1,14.29372,0.004670197400096292
516,11.1,2429,91,1796,53,0,0,1,12.53364,0.006176961602671119
219,5.2,1510,42,655,50,1,0,0,3.3069,0.007926829268292683
448,6.3,2044,71,1337,51,0,0,1,9.15712,0.0047085201793721975
156,2.2,896,37,429,57,1,1,0,1.39776,0.005116279069767442
68,1.1,528,12,201,29,0,0,0,0.35904,0.005445544554455446
524,11.2,2417,90,2069,29,1,1,1,12.66508,0.005410628019323671
188,5.3,1281,45,974,35,0,1,0,2.40828,0.005435897435897436
443,7.4,2289,73,1026,33,0,0,1,10.14027,0.0072054527750730285
52,1.6,385,19,234,24,0,0,0,0.2002,0.006808510638297873
228,4.2,1677,58,823,56,0,0,0,3.82356,0.005097087378640777
149,3.7,873,34,459,51,0,0,0,1.30077,0.008043478260869565
523,9.4,2583,92,1539,21,0,1,1,13.50909,0.0061038961038961045
42,1.6,315,19,207,52,1,0,0,0.1323,0.007692307692307693
120,2.0,741,38,396,56,1,0,0,0.8892,0.005037783375314861
329,7.5,2277,72,1185,27,1,0,1,7.49133,0.006323777403035413
68,1.5,364,10,102,31,1,0,0,0.24752,0.014563106796116505
158,3.4,893,36,493,32,0,0,0,1.41094,0.006882591093117409
86,1.7,439,19,136,54,0,0,0,0.37754,0.012408759124087591
339,7.8,2102,71,1062,51,0,0,1,7.12578,0.007337723424270931
304,6.5,2375,79,1493,51,0,0,1,7.22,0.004350736278447122
131,2.4,859,26,305,40,0,0,0,1.12529,0.00784313725490196
64,1.6,540,19,262,35,1,0,0,0.3456,0.006083650190114069
53,1.9,526,15,112,42,0,0,0,0.27878,0.016814159292035398
442,7.7,2067,69,1440,45,0,0,1,9.13614,0.0053435114503816794
32,2.0,469,18,139,22,0,1,0,0.15008,0.014285714285714285
278,4.8,1238,48,851,43,1,0,0,3.44164,0.005633802816901408
540,8.4,2993,98,1540,49,1,0,1,16.1622,0.0054510058403634005
595,11.3,2968,88,2366,30,0,0,1,17.6596,0.004773975496408957
35,1.5,467,10,158,58,0,0,0,0.16345,0.009433962264150943
225,5.4,1370,44,791,55,1,0,0,3.0825,0.006818181818181819
587,11.8,2431,90,1894,47,0,0,1,14.26997,0.006226912928759895
92,3.7,1124,27,524,44,0,0,0,1.03408,0.007047619047619048
46,1.1,487,17,208,23,0,0,0,0.22402,0.005263157894736843
153,2.8,935,25,578,37,1,0,0,1.43055,0.004835924006908463
368,6.6,1817,72,1406,27,1,1,1,6.68656,0.004690831556503198
51,1.6,509,11,113,29,1,0,0,0.25959,0.014035087719298246
279,5.2,1660,47,629,50,1,0,0,4.6314,0.008253968253968255
255,5.4,1738,42,826,21,0,0,0,4.4319,0.0065296251511487305
193,5.7,1471,51,972,31,1,0,0,2.83903,0.005858170606372046
207,5.7,1582,52,692,38,0,0,0,3.27474,0.008225108225108226
539,11.9,2853,83,2007,55,0,1,1,15.37767,0.005926294820717132
151,2.4,1124,38,571,33,0,0,0,1.69724,0.004195804195804196
474,6.4,2109,68,1079,24,0,0,1,9.99666,0.0059259259259259265
544,9.2,2936,83,2416,47,1,1,1,15.97184,0.003806371534960695
73,1.2,308,15,275,39,1,1,0,0.22484,0.004347826086956522
597,10.4,2984,91,1564,34,1,0,1,17.81448,0.006645367412140575
498,10.7,2738,94,1995,42,0,0,1,13.63524,0.005360721442885771
402,7.8,2014,79,1088,34,1,1,1,8.09628,0.007162534435261708
75,1.1,379,15,185,37,0,0,0,0.28425,0.0059139784946236566
130,2.0,602,21,589,30,1,1,0,0.7826,0.003389830508474576
42,1.1,402,11,265,32,1,0,0,0.16884,0.004135338345864662
134,2.2,917,23,423,23,0,1,0,1.22878,0.0051886792452830195
79,1.9,477,13,161,24,0,0,0,0.37683,0.011728395061728394
432,7.2,1822,63,1127,59,1,1,1,7.87104,0.006382978723404256
262,4.1,1287,52,997,36,0,1,0,3.37194,0.004108216432865731
473,6.4,2109,79,1300,23,1,0,1,9.97557,0.004919292851652575
202,4.7,1512,49,659,45,1,0,0,3.05424,0.007121212121212121
215,4.4,1407,41,991,47,0,0,0,3.02505,0.004435483870967742
151,3.7,1116,32,320,41,1,0,0,1.68516,0.011526479750778817
80,1.6,549,14,197,19,0,0,0,0.4392,0.00808080808080808
126,2.8,971,32,431,35,1,0,0,1.22346,0.006481481481481481
495,8.9,2920,84,2252,31,1,0,1,14.454,0.0039502885042166005
127,3.7,1153,35,314,37,1,1,0,1.46431,0.011746031746031747
88,1.3,327,11,262,22,0,0,0,0.28776,0.004942965779467681
69,1.6,463,16,146,27,0,0,0,0.31947,0.0108843537414966
100,3.3,961,21,433,25,0,0,0,0.961,0.0076036866359447
301,6.5,2084,71,1421,29,0,0,1,6.27284,0.004571026722925457
78,1.7,455,15,207,37,1,0,0,0.3549,0.008173076923076924
163,3.1,620,21,419,23,0,0,0,1.0106,0.007380952380952381
539,9.3,2606,92,1990,41,0,0,1,14.04634,0.00467101958814666
278,4.6,1385,47,823,40,1,0,0,3.8503,0.00558252427184466
451,6.1,2108,76,1434,25,1,0,1,9.50708,0.004250871080139372
481,10.9,2752,86,2017,18,0,0,1,13.23712,0.005401387512388504
133,3.4,714,38,445,25,0,0,0,0.94962,0.007623318385650224
41,1.1,588,10,246,22,0,0,0,0.24108,0.004453441295546559
152,3.3,1175,29,461,42,1,1,0,1.786,0.007142857142857143
553,8.4,2559,89,2471,51,0,0,1,14.15127,0.0033980582524271844
402,6.9,2282,78,1397,40,0,1,1,9.17364,0.004935622317596567
555,9.5,2855,95,1565,24,0,0,1,15.84525,0.006066411238825032
499,9.6,2873,81,1805,52,1,1,1,14.33627,0.005315614617940199
101,3.2,603,28,417,43,0,0,0,0.60903,0.007655502392344498
433,6.8,2093,75,1300,32,0,0,1,9.06269,0.005226748654880861
133,2.0,1007,31,417,32,0,0,0,1.33931,0.004784688995215311
351,6.1,1941,79,1290,21,1,0,1,6.81291,0.0047250193648334625
532,10.7,2556,83,2148,53,1,0,1,13.59792,0.004979060027919963
92,2.5,690,31,563,27,0,0,0,0.6348,0.004432624113475178
511,10.8,2712,97,2438,59,1,0,1,13.85832,0.004428044280442804
384,7.0,2185,72,1376,59,0,0,1,8.3904,0.005083514887436456
193,5.2,1318,49,626,32,1,1,0,2.54374,0.008293460925039872
132,3.8,649,25,368,41,0,0,0,0.85668,0.01029810298102981
360,7.3,1946,79,1164,50,0,0,1,7.0056,0.006266094420600858
159,2.3,1083,32,526,38,0,1,0,1.72197,0.004364326375711575
495,8.9,2855,91,2150,31,0,1,1,14.13225,0.004137610413761042
537,10.0,2720,83,1763,35,0,0,1,14.6064,0.005668934240362812
129,3.4,1059,27,580,36,1,0,0,1.36611,0.005851979345955249
132,3.8,636,28,529,53,0,1,0,0.83952,0.007169811320754717
37,1.4,369,18,295,19,1,0,0,0.13653,0.004729729729729729
524,8.9,2549,88,1730,20,1,0,1,13.35676,0.00514153668399769
425,6.9,2142,66,1130,19,1,0,1,9.1035,0.00610079575596817
64,1.7,585,13,107,53,0,0,0,0.3744,0.01574074074074074
573,10.8,2711,96,2118,33,1,1,1,15.53403,0.005096743747050496
45,1.7,302,16,191,57,1,0,0,0.1359,0.008854166666666666
564,11.7,2764,81,2133,37,1,0,1,15.58896,0.005482661668228678
162,3.5,761,36,338,51,0,0,0,1.23282,0.01032448377581121
451,6.5,2378,69,1341,44,0,0,1,10.72478,0.004843517138599106
30,1.3,479,16,253,35,0,0,0,0.1437,0.005118110236220472
202,5.0,1542,45,844,29,0,0,0,3.11484,0.005917159763313609
71,1.5,590,17,257,33,0,0,0,0.4189,0.005813953488372093
314,6.2,2205,63,1066,19,0,0,1,6.9237,0.005810684161199626
168,4.0,866,22,581,50,1,0,0,1.45488,0.006872852233676976
75,1.9,537,13,230,58,1,0,0,0.40275,0.008225108225108226
42,1.4,324,13,272,29,1,0,0,0.13608,0.005128205128205128
441,7.9,2332,78,1477,23,1,0,1,10.28412,0.005345060893098782
523,10.5,2460,99,1787,22,0,0,1,12.8658,0.00587248322147651
100,2.4,982,31,478,48,1,0,0,0.982,0.005010438413361169
52,1.2,398,14,172,24,1,0,0,0.20696,0.006936416184971098
397,7.0,2352,77,1101,46,1,0,1,9.33744,0.006352087114337568
424,7.7,1863,65,1116,52,0,0,1,7.89912,0.006893464637421665
272,5.0,1655,45,686,19,1,0,0,4.5016,0.00727802037845706
201,4.0,1791,50,914,18,0,0,0,3.59991,0.004371584699453552
570,9.0,2613,98,2497,49,1,0,1,14.8941,0.003602882305844676
64,1.3,490,14,151,43,1,0,0,0.3136,0.008552631578947369
334,6.6,2394,68,1227,46,1,1,1,7.99596,0.005374592833876222
518,9.6,2954,93,2125,34,1,1,1,15.30172,0.00451552210724365
70,1.7,359,10,109,57,0,0,0,0.2513,0.015454545454545453
334,6.8,2000,77,1079,40,1,1,1,6.68,0.006296296296296296
563,8.4,2849,85,1508,25,0,0,1,16.03987,0.005566600397614314
181,4.1,1608,43,752,22,1,1,0,2.91048,0.00544488711819389
584,9.4,2766,84,2151,32,0,0,1,16.15344,0.004368029739776952
208,4.7,1642,45,861,55,0,0,0,3.41536,0.005452436194895592
381,6.6,2160,69,1450,20,0,0,1,8.2296,0.004548587181254307
426,6.5,1969,78,1266,53,1,0,1,8.38794,0.005130228887134964
284,4.2,1360,56,888,51,0,0,0,3.8624,0.004724409448818898
105,2.2,1002,29,453,31,1,0,0,1.0521,0.004845814977973569
179,2.3,1014,32,588,38,0,0,0,1.81506,0.0039049235993208827
122,2.6,639,37,568,35,0,1,0,0.77958,0.004569420035149385
501,11.9,2702,88,1738,49,0,0,1,13.53702,0.006843013225991949
269,5.9,1666,42,629,32,1,0,0,4.48154,0.009365079365079366
230,4.4,1607,52,878,54,0,0,0,3.6961,0.005005688282138794
85,1.6,417,12,122,47,0,0,0,0.35445,0.013008130081300813
411,7.8,2029,75,1136,33,1,0,1,8.33919,0.006860158311345646
73,1.7,403,12,163,51,0,0,0,0.29419,0.010365853658536586
39,1.7,530,11,268,26,1,0,0,0.2067,0.006319702602230483
386,7.7,2114,72,1209,51,0,1,1,8.16004,0.006363636363636364
49,1.3,542,16,169,54,1,0,0,0.26558,0.007647058823529412
411,6.9,1820,70,1024,43,0,0,1,7.4802,0.0067317073170731715
534,10.8,2805,90,1538,37,0,0,1,14.9787,0.007017543859649123
314,7.4,2136,64,1376,47,1,0,1,6.70704,0.005374001452432825
211,4.0,1519,54,811,29,1,0,0,3.20509,0.0049261083743842365
121,3.7,619,36,473,47,0,0,0,0.74899,0.007805907172995781
84,1.2,415,10,146,50,0,0,0,0.3486,0.008163265306122448
448,7.6,2199,66,1047,28,0,0,1,9.85152,0.007251908396946565
55,1.6,360,19,149,30,0,0,0,0.198,0.010666666666666668
59,1.8,497,10,208,36,1,0,0,0.29323,0.00861244019138756
226,4.5,1781,45,649,27,1,0,0,4.02506,0.006923076923076923
580,8.5,2660,87,1795,52,0,0,1,15.428,0.004732739420935412
65,1.8,481,18,130,41,0,0,0,0.31265,0.013740458015267175
458,6.6,2214,67,1163,31,1,0,1,10.14012,0.005670103092783505
170,2.7,805,26,344,53,1,1,0,1.3685,0.00782608695652174
264,5.2,1641,44,778,44,0,1,0,4.33224,0.006675224646983312
122,3.3,748,35,499,59,1,0,0,0.91256,0.0066
420,6.5,2113,65,1314,35,0,0,1,8.8746,0.00494296577946768
267,4.4,1505,59,971,38,1,1,0,4.01835,0.004526748971193416
469,6.0,2290,67,1086,34,1,1,1,10.7401,0.005519779208831647
541,11.4,2443,89,1923,34,1,1,1,13.21663,0.0059251559251559255
155,2.9,1117,22,322,19,1,1,0,1.73135,0.008978328173374612
106,2.8,686,32,594,27,0,0,0,0.72716,0.004705882352941176
243,5.0,1232,47,877,43,0,0,0,2.99376,0.0056947608200455585
410,7.5,2176,68,1213,45,1,0,1,8.9216,0.006177924217462933
285,5.1,1226,57,666,20,1,1,0,3.4941,0.0076461769115442274
397,6.8,2027,66,1167,40,0,0,1,8.04719,0.005821917808219178
230,4.2,1507,51,868,25,1,0,0,3.4661,0.0048331415420023015
341,7.2,2397,68,1055,32,1,1,1,8.17377,0.006818181818181819
132,2.9,1054,32,563,20,0,0,0,1.39128,0.005141843971631205
130,3.0,820,21,308,49,1,0,0,1.066,0.009708737864077669
281,4.9,1566,59,632,29,0,1,0,4.40046,0.00774091627172196
74,2.0,320,11,103,55,1,0,0,0.2368,0.019230769230769232
299,4.3,1737,43,953,42,1,0,0,5.19363,0.004507337526205451
116,2.2,827,29,434,28,1,0,0,0.95932,0.005057471264367817
408,6.6,2026,63,1076,47,1,0,1,8.26608,0.006128133704735376
508,11.3,2590,81,2481,51,0,0,1,13.1572,0.004552780016116036
227,4.4,1275,56,984,22,1,1,0,2.89425,0.004467005076142132
274,6.0,1489,56,666,57,1,0,0,4.07986,0.008995502248875561
347,6.3,2001,61,1456,21,1,0,1,6.94347,0.004323953328757721
76,1.3,490,14,156,31,1,0,0,0.3724,0.008280254777070064
445,7.5,2007,78,1115,23,0,1,1,8.93115,0.006720430107526882
203,4.3,1554,54,638,25,1,0,0,3.15462,0.006729264475743349
199,6.0,1707,57,881,55,0,0,0,3.39693,0.006802721088435374
48,2.0,574,18,127,24,1,0,0,0.27552,0.015625
88,1.6,420,12,274,31,1,0,0,0.3696,0.005818181818181819
541,8.3,2865,89,1820,42,1,1,1,15.49965,0.00455793520043932
233,4.6,1534,49,796,21,1,0,0,3.57422,0.005771643663739021
176,3.8,727,36,362,47,1,1,0,1.27952,0.01046831955922865
191,6.0,1762,45,904,54,0,0,0,3.36542,0.0066298342541436465
461,7.5,2001,69,1324,34,1,0,1,9.22461,0.005660377358490566
37,1.5,375,18,246,46,1,0,0,0.13875,0.006072874493927126
531,9.8,2905,99,1632,45,1,0,1,15.42555,0.0060012247397428055
473,7.9,2292,62,1472,44,0,0,1,10.84116,0.005363204344874406
30,1.3,561,15,252,34,0,0,0,0.1683,0.005138339920948616
306,6.1,2267,70,1449,46,0,1,1,6.93702,0.004206896551724138
64,1.2,590,13,155,30,0,1,0,0.3776,0.007692307692307692
75,1.0,435,13,223,43,0,1,0,0.32625,0.004464285714285714
597,10.3,2718,90,1863,26,1,1,1,16.22646,0.005525751072961374
529,10.5,2971,87,1683,56,0,1,1,15.71659,0.006235154394299287
290,6.0,1533,54,645,57,1,1,0,4.4457,0.009287925696594427
256,5.8,1309,52,840,43,0,1,0,3.35104,0.006896551724137931
308,7.7,1974,73,1431,37,1,1,1,6.07992,0.0053770949720670395
156,3.3,1020,38,447,57,1,0,0,1.5912,0.007366071428571428
62,1.4,542,18,266,46,0,0,0,0.33604,0.005243445692883895
156,3.8,866,34,510,26,0,0,0,1.35096,0.007436399217221135
303,7.4,2314,66,1387,34,0,0,1,7.01142,0.0053314121037463975
463,6.9,2111,73,1463,54,0,0,1,9.77393,0.004713114754098361
60,1.5,593,14,281,35,1,0,0,0.3558,0.005319148936170213
225,4.6,1230,52,954,20,1,0,0,2.7675,0.0048167539267015705
379,7.5,1823,68,1075,53,1,0,1,6.90917,0.006970260223048327
53,1.4,455,14,106,54,1,0,0,0.24115,0.01308411214953271
30,1.9,574,19,287,45,0,0,0,0.1722,0.006597222222222222
291,4.1,1326,51,905,55,1,1,0,3.85866,0.004525386313465783
488,9.5,2840,92,1986,48,1,1,1,13.8592,0.004781077000503271
74,2.0,366,13,253,44,1,0,0,0.27084,0.007874015748031496
230,4.6,1325,55,845,54,1,0,0,3.0475,0.005437352245862883
517,11.8,2435,86,2208,26,0,0,1,12.58895,0.005341783612494342
557,10.4,2900,97,1609,22,0,0,1,16.153,0.006459627329192546
78,1.5,341,11,259,38,1,0,0,0.26598,0.0057692307692307696
321,7.9,2159,64,1499,45,0,1,1,6.93039,0.005266666666666667
579,8.6,2539,84,1935,34,0,0,1,14.70081,0.004442148760330578
382,7.2,1965,67,1341,22,0,0,1,7.5063,0.005365126676602086
516,11.6,2464,82,1767,29,1,0,1,12.71424,0.006561085972850679
598,11.2,2876,85,2477,58,1,0,1,17.19848,0.004519774011299434
102,3.9,747,36,408,49,1,0,0,0.76194,0.009535452322738386
165,2.4,816,35,503,34,0,1,0,1.3464,0.0047619047619047615
558,9.8,2765,83,1548,25,1,1,1,15.4287,0.0063266623628147195
561,10.6,2547,86,1823,22,0,0,1,14.28867,0.00581140350877193
511,10.9,2514,91,2335,59,1,0,1,12.84654,0.004666095890410959
560,11.3,2947,95,1663,25,1,0,1,16.5032,0.006790865384615385
69,1.3,434,12,164,42,0,0,0,0.29946,0.00787878787878788
44,1.1,531,17,232,26,0,0,0,0.23364,0.0047210300429184554
65,1.7,490,17,122,51,1,1,0,0.3185,0.013821138211382113
458,6.0,1875,63,1072,31,1,0,1,8.5875,0.005591798695246971
525,10.8,2445,99,1623,57,0,0,1,12.83625,0.006650246305418719
106,3.0,922,22,313,51,0,0,0,0.97732,0.009554140127388535
188,4.6,1767,47,653,34,0,1,0,3.32196,0.007033639143730886
493,10.4,2453,99,1813,39,0,1,1,12.09329,0.005733186328555679
84,1.5,373,19,299,37,1,0,0,0.31332,0.005
104,2.9,653,35,322,30,0,0,0,0.67912,0.008978328173374612
102,3.0,890,38,548,28,0,0,0,0.9078,0.00546448087431694
349,6.6,2041,78,1096,40,1,1,1,7.12309,0.006016408386508659
98,2.0,925,32,457,28,0,0,0,0.9065,0.004366812227074236
72,1.3,461,13,199,32,0,0,0,0.33192,0.006500000000000001
563,11.6,2968,92,2191,34,1,0,1,16.70984,0.005291970802919708
119,2.8,775,31,313,50,1,0,0,0.92225,0.008917197452229299
311,7.9,2231,69,1021,36,0,0,1,6.93841,0.007729941291585127
337,6.1,1901,76,1359,58,0,0,1,6.40637,0.004485294117647059
168,3.5,1055,29,313,54,0,0,0,1.7724,0.011146496815286623
331,7.4,2129,66,1459,53,0,1,1,7.04699,0.005068493150684932
589,9.2,2663,84,1774,45,1,0,1,15.68507,0.005183098591549295
472,6.8,2288,61,1356,52,0,0,1,10.79936,0.00501105379513633
78,1.1,437,14,143,27,1,0,0,0.34086,0.0076388888888888895
517,11.6,2798,90,2175,20,0,1,1,14.46566,0.005330882352941177
41,1.6,323,18,221,43,1,0,0,0.13243,0.007207207207207207
49,1.5,571,10,203,29,0,0,0,0.27979,0.007352941176470588
522,11.1,2821,86,1891,42,0,0,1,14.72562,0.0058668076109936575
97,2.7,612,36,508,53,0,0,0,0.59364,0.005304518664047152
411,7.4,1960,71,1264,40,0,1,1,8.0556,0.005849802371541502
566,8.6,2595,89,1657,51,1,0,1,14.6877,0.005186972255729795
559,8.2,2618,84,2102,22,1,1,1,14.63462,0.0038991916310033283
478,7.3,2340,69,1017,43,1,0,1,11.1852,0.007170923379174852
147,3.2,994,33,567,25,1,0,0,1.46118,0.005633802816901409
395,7.3,2291,61,1049,55,1,0,1,9.04945,0.006952380952380952
357,7.8,2289,74,1242,22,1,0,1,8.17173,0.006275140788415124
405,6.9,2366,61,1434,51,0,0,1,9.5823,0.0048083623693379795
501,11.8,2790,86,2074,31,1,0,1,13.9779,0.0056867469879518075
575,8.2,2918,88,1928,50,0,0,1,16.7785,0.004250907205806117
257,5.1,1692,46,769,52,1,0,0,4.34844,0.006623376623376623
270,5.0,1532,51,957,35,0,1,0,4.1364,0.005219206680584551
116,2.0,1171,22,573,33,1,0,0,1.35836,0.003484320557491289
98,2.3,608,24,394,56,0,1,0,0.59584,0.005822784810126582
264,5.1,1293,52,737,27,1,0,0,3.41352,0.006910569105691057
572,11.7,2655,91,2481,57,1,0,1,15.1866,0.004713940370668815
202,4.9,1549,43,964,27,1,0,0,3.12898,0.005077720207253887
83,1.4,454,11,228,46,0,1,0,0.37682,0.00611353711790393
32,1.4,416,12,198,56,0,1,0,0.13312,0.007035175879396984
168,3.2,716,38,414,43,0,1,0,1.20288,0.007710843373493976
416,6.1,2115,71,1041,22,1,1,1,8.7984,0.005854126679462572
46,1.1,536,18,167,28,1,0,0,0.24656,0.006547619047619048
201,5.0,1482,59,709,24,0,0,0,2.97882,0.007042253521126761
130,2.8,1062,24,579,37,0,0,0,1.3806,0.004827586206896551
98,2.4,747,36,403,44,1,0,0,0.73206,0.005940594059405941
105,3.8,967,28,489,51,0,0,0,1.01535,0.007755102040816326
94,2.3,1033,33,369,58,0,0,0,0.97102,0.006216216216216216
540,10.1,2757,90,2180,37,0,0,1,14.8878,0.0046309032553874365
266,5.5,1238,59,839,22,0,1,0,3.29308,0.006547619047619048
140,3.8,1137,36,506,53,0,1,0,1.5918,0.007495069033530572
534,10.4,2672,90,1702,51,0,0,1,14.26848,0.0061068702290076335
46,2.0,309,15,116,42,0,0,0,0.14214,0.017094017094017096
581,8.4,2591,99,2304,58,0,1,1,15.05371,0.003644251626898048
105,3.4,798,21,467,34,1,0,0,0.8379,0.007264957264957265
221,4.4,1341,46,862,20,0,0,0,2.96361,0.0050984936268829665
41,1.7,408,16,291,34,0,1,0,0.16728,0.005821917808219178
105,3.0,728,24,343,52,1,0,0,0.7644,0.00872093023255814
123,3.9,915,39,468,18,0,0,0,1.12545,0.008315565031982943
260,5.7,1725,56,920,36,1,0,0,4.485,0.006188925081433225
223,5.7,1295,44,751,39,0,0,0,2.88785,0.007579787234042554
66,1.1,505,17,218,33,0,0,0,0.3333,0.005022831050228311
231,4.0,1664,48,724,29,1,1,0,3.84384,0.005517241379310344
555,8.8,2540,97,2402,22,0,1,1,14.097,0.0036620890553474826
378,7.2,1859,61,1318,58,0,0,1,7.02702,0.005458680818802123
546,8.8,2852,81,1641,24,0,0,1,15.57192,0.00535931790499391
234,5.2,1604,58,919,58,0,0,0,3.75336,0.005652173913043478
152,3.0,617,22,306,22,1,0,0,0.93784,0.009771986970684038
34,1.2,518,10,170,20,1,0,0,0.17612,0.007017543859649123
179,3.5,1114,30,466,56,0,0,0,1.99406,0.007494646680942184
591,11.8,2953,92,1903,52,0,0,1,17.45223,0.006197478991596639
120,3.3,734,35,583,26,0,0,0,0.8808,0.005650684931506849
88,1.3,557,13,164,43,0,0,0,0.49016,0.00787878787878788
143,3.9,1160,24,398,45,0,1,0,1.6588,0.009774436090225564
74,1.6,436,13,182,27,1,1,0,0.32264,0.008743169398907104
74,1.6,587,15,275,27,1,1,0,0.43438,0.005797101449275362
234,4.7,1707,55,871,46,0,0,0,3.99438,0.005389908256880734
56,1.0,547,10,142,58,1,1,0,0.30632,0.006993006993006993
174,2.4,639,37,545,50,0,0,0,1.11186,0.004395604395604396
523,9.0,2696,91,1561,20,1,0,1,14.10008,0.005761843790012804
123,3.3,938,36,438,55,0,0,0,1.15374,0.007517084282460136
216,5.9,1789,54,987,55,0,0,0,3.86424,0.00597165991902834
290,4.6,1694,50,809,23,0,1,0,4.9126,0.005679012345679012
68,1.3,583,10,281,26,1,0,0,0.39644,0.004609929078014185
265,4.8,1770,51,723,55,1,0,0,4.6905,0.0066298342541436465
414,7.3,2349,75,1092,51,0,0,1,9.72486,0.006678865507776761
238,4.0,1414,47,661,41,1,0,0,3.36532,0.006042296072507553
429,7.5,1921,61,1102,46,0,0,1,8.24109,0.006799637352674524
39,1.9,541,16,294,37,0,0,0,0.21099,0.006440677966101695
248,4.6,1396,52,883,40,0,0,0,3.46208,0.005203619909502262
541,9.4,2452,93,1811,53,1,0,1,13.26532,0.0051876379690949225
139,3.0,697,37,513,26,1,0,0,0.96883,0.005836575875486381
289,5.0,1625,45,687,29,0,1,0,4.69625,0.007267441860465116
210,4.9,1657,55,765,49,1,0,0,3.4797,0.006396866840731071
412,6.2,2201,68,1085,54,1,0,1,9.06812,0.00570902394106814
318,6.6,2089,77,1126,49,1,0,1,6.64302,0.0058562555456965395
258,4.2,1315,44,762,59,1,1,0,3.3927,0.005504587155963303
258,4.3,1759,59,718,41,1,0,0,4.53822,0.005980528511821975
189,4.8,1681,59,795,57,0,0,0,3.17709,0.006030150753768844
155,2.4,954,39,441,51,0,1,0,1.4787,0.005429864253393665
528,10.4,2717,87,2140,34,0,0,1,14.34576,0.004857543204110229
549,11.1,2851,87,1814,56,0,1,1,15.65199,0.006115702479338843
78,1.6,470,18,230,49,1,0,0,0.3666,0.006926406926406926
444,6.0,1873,61,1093,39,1,1,1,8.31612,0.005484460694698354
80,1.1,417,18,298,36,0,0,0,0.3336,0.003678929765886288
131,3.8,739,34,330,57,1,1,0,0.96809,0.01148036253776435
228,4.4,1734,46,804,57,1,1,0,3.95352,0.005465838509316771
416,7.3,1882,62,1333,32,1,0,1,7.82912,0.005472263868065967
586,9.3,2403,94,2332,21,0,0,1,14.08158,0.003986283754822117
416,6.1,2279,71,1096,47,0,0,1,9.48064,0.005560619872379216
152,3.7,948,22,507,53,1,1,0,1.44096,0.007283464566929135
87,1.5,594,19,198,36,1,0,0,0.51678,0.007537688442211055
329,6.8,1892,69,1383,23,0,0,1,6.22468,0.004913294797687861
107,2.5,1176,24,545,29,1,0,0,1.25832,0.004578754578754579
493,10.9,2928,88,2116,57,0,0,1,14.43504,0.005148795465281058
182,4.8,1500,51,807,43,1,1,0,2.73,0.005940594059405941
102,2.9,918,37,362,20,1,1,0,0.93636,0.007988980716253443
274,4.5,1356,54,869,53,0,0,0,3.71544,0.005172413793103448
143,3.6,988,26,504,45,1,1,0,1.41284,0.007128712871287129
66,1.3,369,14,195,32,0,0,0,0.24354,0.00663265306122449
420,7.7,2017,74,1187,24,1,0,1,8.4714,0.006481481481481481
582,8.4,2664,91,2493,55,1,0,1,15.50448,0.003368083400160385
200,5.8,1291,50,965,52,0,0,0,2.582,0.006004140786749482
493,8.5,2859,99,2450,47,0,0,1,14.09487,0.00346797225622195
348,6.6,2398,66,1415,49,1,0,1,8.34504,0.004661016949152542
238,5.1,1408,45,941,27,0,0,0,3.35104,0.005414012738853503
33,2.0,318,11,173,42,1,0,0,0.10494,0.011494252873563218
267,5.9,1740,45,791,22,0,0,0,4.6458,0.00744949494949495
492,10.0,2513,90,1968,31,0,1,1,12.36396,0.005078720162519045
241,5.3,1767,58,976,38,1,0,0,4.25847,0.0054247697031729785
567,10.8,2911,89,1682,39,0,0,1,16.50537,0.006417112299465241
36,1.6,442,17,249,34,0,0,0,0.15912,0.0064
110,3.4,975,31,507,57,1,0,0,1.0725,0.0066929133858267716
466,7.1,1984,73,1461,54,0,0,1,9.24544,0.004856361149110807
126,2.2,1187,28,599,25,0,0,0,1.49562,0.003666666666666667
120,3.8,940,36,535,44,0,0,0,1.128,0.00708955223880597
64,1.2,592,19,218,25,0,1,0,0.37888,0.005479452054794521
574,8.5,2780,87,1809,34,1,0,1,15.9572,0.004696132596685083
119,2.2,1123,22,371,51,0,0,0,1.33637,0.0059139784946236566
350,6.5,2364,75,1485,20,0,0,1,8.274,0.004374158815612382
69,1.1,535,17,250,25,0,0,0,0.36915,0.004382470119521913
438,6.5,1849,64,1125,49,1,0,1,8.09862,0.005772646536412078
506,11.2,2623,98,2460,48,0,0,1,13.27238,0.004550995530272247
272,5.2,1390,45,792,57,1,0,0,3.7808,0.006557377049180328
224,4.5,1646,57,665,59,0,0,0,3.68704,0.006756756756756757
99,2.4,689,36,318,29,1,0,0,0.68211,0.007523510971786834
44,1.2,466,10,131,57,1,1,0,0.20504,0.00909090909090909
175,3.0,801,32,338,24,0,0,0,1.40175,0.008849557522123894
228,4.8,1639,47,796,42,1,0,0,3.73692,0.006022584692597239
589,11.8,2629,86,2479,43,1,0,1,15.48481,0.004758064516129033
339,7.9,1987,66,1191,47,0,0,1,6.73593,0.00662751677852349
431,6.4,2206,66,1200,23,1,1,1,9.50786,0.005328892589508743
190,4.7,1276,57,915,22,1,0,0,2.4244,0.005131004366812227
389,6.1,2087,67,1383,30,0,0,1,8.11843,0.0044075144508670516
139,3.3,937,24,573,25,1,0,0,1.30243,0.005749128919860627
289,5.9,1528,48,915,30,0,0,0,4.41592,0.0064410480349344984
593,11.1,2672,82,2258,34,1,0,1,15.84496,0.004913678618857902
576,9.5,2638,98,2281,38,1,0,1,15.19488,0.004163014899211218
592,9.4,2867,95,1701,27,1,0,1,16.97264,0.005522914218566393
567,10.5,2817,89,2194,52,0,1,1,15.97239,0.004783599088838269
170,2.5,740,21,537,25,1,1,0,1.258,0.004646840148698885
242,5.4,1307,48,642,28,0,0,0,3.16294,0.008398133748055987
275,5.5,1616,48,656,55,0,0,0,4.444,0.00837138508371385
544,9.7,2633,97,1727,28,1,0,1,14.32352,0.005613425925925925
50,2.0,362,17,182,34,1,0,0,0.181,0.01092896174863388
236,4.6,1750,45,971,21,1,0,0,4.13,0.004732510288065843
139,2.6,658,33,358,58,1,1,0,0.91462,0.007242339832869081
383,6.6,2155,74,1360,45,0,0,1,8.25365,0.004849375459221161
172,4.0,1047,32,508,21,1,0,0,1.80084,0.007858546168958742
455,6.2,1984,72,1287,42,0,0,1,9.0272,0.004813664596273292
157,2.5,1110,30,373,37,1,0,0,1.7427,0.0066844919786096255
173,3.8,605,23,583,32,0,1,0,1.04665,0.0065068493150684924
405,7.3,2082,75,1162,37,1,0,1,8.4321,0.0062768701633705935
387,6.6,2168,61,1246,19,1,1,1,8.39016,0.005292702485966319
201,4.9,1633,41,972,32,1,0,0,3.28233,0.005035971223021583
142,3.5,625,25,370,40,1,1,0,0.8875,0.009433962264150943
198,4.2,1392,43,640,27,0,0,0,2.75616,0.006552262090483619
361,7.6,2037,65,1056,55,0,0,1,7.35357,0.0071901608325449385
553,11.6,2914,81,1860,47,0,0,1,16.11442,0.006233207952713595
408,6.2,2245,69,1103,38,1,0,1,9.1596,0.005615942028985507
121,2.1,1188,21,578,18,0,0,0,1.43748,0.003626943005181347
71,1.4,508,15,265,33,1,0,0,0.36068,0.005263157894736842
46,1.6,440,10,265,31,0,1,0,0.2024,0.006015037593984963
290,4.4,1272,55,910,44,0,0,0,3.6888,0.004829857299670692
60,1.3,462,15,296,40,0,0,0,0.2772,0.004377104377104377
116,3.9,1132,26,498,35,1,0,0,1.31312,0.00781563126252505
86,1.7,312,16,227,32,0,0,0,0.26832,0.007456140350877193
291,5.3,1537,43,700,49,1,0,0,4.47267,0.007560627674750357
404,6.6,2181,77,1327,18,0,0,1,8.81124,0.004969879518072289
441,7.1,1928,74,1421,57,0,0,1,8.50248,0.004992967651195499
444,6.1,2229,73,1194,25,1,0,1,9.89676,0.005104602510460251
211,5.9,1757,42,864,56,1,0,0,3.70727,0.006820809248554913
537,9.1,2858,86,2158,22,0,0,1,15.34746,0.0042149143121815655
519,10.9,2571,93,2163,47,1,0,1,13.34349,0.005036968576709796
94,3.5,606,30,446,49,0,0,0,0.56964,0.007829977628635347
554,10.3,2776,83,1606,34,1,0,1,15.37904,0.006409458618543871
381,7.5,2216,66,1291,37,1,1,1,8.44296,0.005804953560371517
257,6.0,1715,49,916,40,1,0,0,4.40755,0.006543075245365322
47,1.1,532,18,122,36,0,0,0,0.25004,0.00894308943089431
527,10.0,2430,82,1737,27,1,1,1,12.8061,0.005753739930955121
148,2.7,625,34,416,27,0,0,0,0.925,0.006474820143884893
191,5.7,1414,53,991,19,1,1,0,2.70074,0.005745967741935484
71,1.9,571,10,117,43,1,0,0,0.40541,0.016101694915254237
73,1.3,538,19,175,30,1,0,0,0.39274,0.007386363636363636
149,3.1,1191,28,563,29,0,0,0,1.77459,0.00549645390070922
197,4.4,1665,44,608,43,1,0,0,3.28005,0.007224958949096881
328,6.1,1975,72,1101,24,0,0,1,6.478,0.005535390199637023
424,7.5,1995,75,1228,36,0,0,1,8.4588,0.006102522375915379
111,3.6,627,26,464,39,1,0,0,0.69597,0.007741935483870968
159,3.7,630,33,575,30,0,0,0,1.0017,0.006423611111111112
580,11.5,2767,84,2341,36,1,0,1,16.0486,0.004910333048676345
379,7.7,1809,64,1050,22,1,0,1,6.85611,0.007326355851569933
217,4.2,1500,42,677,26,1,0,0,3.255,0.006194690265486726
447,6.3,1959,63,1441,48,0,0,1,8.75673,0.004368932038834952
512,10.5,2538,82,1694,41,0,0,1,12.99456,0.006194690265486726
511,10.8,2529,91,2387,21,0,0,1,12.92319,0.004522613065326634
140,2.5,825,31,347,59,0,0,0,1.155,0.007183908045977011
114,3.0,1131,31,596,28,0,0,0,1.28934,0.005025125628140704
192,4.3,1382,42,905,47,1,0,0,2.65344,0.004746136865342163
325,6.0,2244,70,1296,30,1,1,1,7.293,0.004626060138781804
83,1.2,545,15,284,44,0,0,0,0.45235,0.004210526315789474
122,3.0,922,32,373,43,0,0,0,1.12484,0.008021390374331552
138,2.1,660,22,424,41,1,0,0,0.9108,0.004941176470588235
182,5.3,1278,42,885,54,1,0,0,2.32596,0.005981941309255079
425,6.0,1928,72,1150,53,1,0,1,8.194,0.005212858384013901
580,10.4,2496,81,2441,37,1,0,1,14.4768,0.004258804258804259
203,4.0,1323,56,787,21,0,0,0,2.68569,0.005076142131979695
258,4.9,1596,56,937,40,1,0,0,4.11768,0.0052238805970149255
551,8.5,2927,92,1901,51,0,1,1,16.12777,0.004468980021030494
507,9.6,2606,95,1543,48,0,1,1,13.21242,0.0062176165803108805
57,1.3,489,16,131,37,0,0,0,0.27873,0.00984848484848485
553,10.2,2911,82,2441,44,0,0,1,16.09783,0.004176904176904177
49,1.1,395,16,153,46,1,0,0,0.19355,0.0071428571428571435
106,4.0,1158,23,493,18,0,0,0,1.22748,0.008097165991902834
119,3.7,608,36,461,52,0,0,0,0.72352,0.008008658008658008
288,5.4,1476,49,767,36,1,0,0,4.25088,0.00703125
225,5.6,1388,55,965,36,1,0,0,3.123,0.0057971014492753615
342,7.0,1826,71,1077,26,1,0,1,6.24492,0.006493506493506494
292,4.2,1407,54,867,59,0,0,0,4.10844,0.004838709677419355
218,5.0,1475,46,972,59,1,1,0,3.2155,0.0051387461459403904
64,1.8,351,15,274,56,0,0,0,0.22464,0.006545454545454545
453,7.4,2363,65,1046,41,1,0,1,10.70439,0.007067812798471825
42,1.8,417,15,284,21,0,0,0,0.17514,0.00631578947368421
36,1.5,310,15,272,45,0,0,0,0.1116,0.005494505494505495
55,1.8,328,12,196,31,1,0,0,0.1804,0.009137055837563452
210,5.0,1614,53,679,55,1,1,0,3.3894,0.007352941176470588
227,5.2,1446,46,920,59,0,1,0,3.28242,0.005646036916395223
47,1.2,437,18,234,55,0,0,0,0.20539,0.005106382978723404
461,6.3,1988,62,1004,21,0,1,1,9.16468,0.00626865671641791
94,3.1,1078,38,489,25,0,0,0,1.01332,0.006326530612244898
216,5.1,1483,54,977,45,1,0,0,3.20328,0.0052147239263803675
496,10.2,2587,84,1921,56,1,1,1,12.83152,0.005306971904266389
138,3.2,1142,31,366,29,1,0,0,1.57596,0.008719346049046322
318,6.6,2055,67,1253,43,0,1,1,6.5349,0.005263157894736842
96,3.4,1198,39,401,48,1,0,0,1.15008,0.00845771144278607
510,10.7,2433,90,1729,47,0,0,1,12.4083,0.0061849710982658955
83,1.1,546,10,289,32,1,0,0,0.45318,0.0037931034482758625
417,6.2,2074,63,1135,35,1,0,1,8.64858,0.00545774647887324
538,9.8,2778,91,2080,35,1,0,1,14.94564,0.0047092743873137916
63,1.8,321,11,271,42,0,0,0,0.20223,0.006617647058823529
50,1.4,443,16,255,26,1,0,0,0.2215,0.00546875
502,8.2,2597,90,1553,27,0,0,1,13.03694,0.005276705276705276
105,3.3,723,35,566,46,0,0,0,0.75915,0.00582010582010582
186,4.8,1494,53,949,20,1,0,0,2.77884,0.0050526315789473685
174,2.9,1197,23,345,20,1,0,0,2.08278,0.00838150289017341
89,1.3,314,16,201,58,1,0,0,0.27946,0.006435643564356436
66,1.5,565,17,283,42,1,1,0,0.3729,0.00528169014084507
389,6.3,2294,76,1334,53,0,1,1,8.92366,0.004719101123595505
186,5.4,1627,58,790,31,1,0,0,3.02622,0.006826801517067004
149,2.0,1041,39,356,49,0,0,0,1.55109,0.0056022408963585435
69,1.7,519,10,167,51,1,1,0,0.35811,0.01011904761904762
206,5.2,1632,47,694,30,0,0,0,3.36192,0.007482014388489209
49,1.2,365,19,144,29,0,0,0,0.17885,0.008275862068965517
594,10.5,2839,91,1647,56,0,0,1,16.86366,0.006371359223300971
104,3.7,1028,29,493,39,0,0,0,1.06912,0.007489878542510122
262,5.6,1489,59,628,54,1,0,0,3.90118,0.008903020667726549
278,5.3,1368,56,894,40,1,0,0,3.80304,0.005921787709497206
463,6.8,2358,68,1236,43,1,0,1,10.91754,0.00549717057396928
505,9.6,2464,91,2375,35,0,0,1,12.4432,0.00404040404040404
50,1.5,387,12,146,59,0,0,0,0.1935,0.01020408163265306
138,3.1,947,29,545,48,0,0,0,1.30686,0.0056776556776556774
130,3.2,1189,37,448,45,0,0,0,1.5457,0.0071269487750556795
469,6.4,1858,78,1297,55,1,0,1,8.71402,0.004930662557781202
555,10.3,2568,83,2003,52,0,0,1,14.2524,0.005139720558882236
198,5.4,1544,53,635,53,0,1,0,3.05712,0.008490566037735849
529,11.4,2891,82,1845,46,0,0,1,15.29339,0.006175514626218852
205,5.5,1699,49,729,36,0,0,0,3.48295,0.007534246575342466
170,2.4,1039,38,334,23,0,1,0,1.7663,0.007164179104477612
160,3.2,648,31,339,27,1,0,0,1.0368,0.009411764705882354
81,1.6,387,13,224,48,0,1,0,0.31347,0.0071111111111111115
468,7.3,1937,64,1209,22,0,0,1,9.06516,0.0060330578512396696
500,11.2,2925,84,2438,27,0,0,1,14.625,0.004592045920459204
37,1.6,490,18,216,52,0,0,0,0.1813,0.007373271889400922
522,11.4,2776,93,1768,27,1,0,1,14.49072,0.00644431882419446
81,1.5,545,17,159,40,0,0,0,0.44145,0.009375
141,3.8,689,38,576,34,0,0,0,0.97149,0.00658578856152513
115,3.5,706,26,495,52,1,0,0,0.8119,0.007056451612903226
298,4.6,1525,59,814,36,1,0,0,4.5445,0.005644171779141104
33,1.8,334,16,113,36,1,1,0,0.11022,0.015789473684210527
307,6.1,2105,76,1111,25,1,0,1,6.46235,0.005485611510791366
380,7.6,2354,77,1191,30,0,0,1,8.9452,0.0063758389261744965
190,5.5,1718,58,815,42,0,0,0,3.2642,0.006740196078431373
75,1.6,325,12,225,45,0,0,0,0.24375,0.007079646017699116
218,4.0,1221,47,822,25,0,0,0,2.66178,0.004860267314702308
412,6.6,1859,67,1393,18,0,0,1,7.65908,0.004734576757532281
335,7.7,2037,68,1007,18,0,0,1,6.82395,0.007638888888888889
387,6.3,2098,61,1178,54,0,0,1,8.11926,0.0053435114503816794
261,4.9,1589,56,824,52,1,0,0,4.14729,0.00593939393939394
541,9.5,2424,98,1550,32,0,0,1,13.11384,0.0061250805931656995
195,5.7,1447,48,679,30,0,0,0,2.82165,0.008382352941176471
178,4.0,856,37,569,51,1,1,0,1.52368,0.007017543859649123
378,6.7,1898,78,1455,48,1,0,1,7.17444,0.004601648351648352
505,8.6,2792,82,1709,31,0,0,1,14.0996,0.005029239766081871
564,9.7,2422,83,1985,34,1,0,1,13.66008,0.004884189325276938
92,3.9,1082,26,381,22,0,1,0,0.99544,0.010209424083769634
316,6.8,1965,68,1201,59,0,0,1,6.2094,0.005657237936772046
99,3.1,942,22,457,50,1,0,0,0.93258,0.006768558951965066
62,1.7,431,13,224,44,0,0,0,0.26722,0.007555555555555555
212,5.4,1306,49,828,23,1,0,0,2.76872,0.006513872135102534
