App Usage Time (min/day),Screen On Time (hours/day),Battery Drain (mAh/day),Number of Apps Installed,Data Usage (MB/day),Age,Gender,Operating System,Usage_Intensity,Screen_Data_Ratio
0.19014084507042256,0.1,0.13303604607952435,0.1348314606741573,0.13444676409185805,0.5609756097560976,1.0,0.0,0.04550428751960808,0.09916940215712963
0.32922535211267606,0.2909090909090909,0.4451876625789669,0.3595505617977528,0.24008350730688938,0.1951219512195122,1.0,0.0,0.17787362065869583,0.17819219869261252
0.00528169014084507,0.07272727272727272,0.011891490152359727,0.06741573033707865,0.00459290187891441,0.43902439024390244,1.0,1.0,0.0002981443899728615,0.7830571957796493
0.7359154929577465,0.4818181818181818,0.6473429951690821,0.6853932584269662,0.5156576200417536,0.8048780487804879,0.0,0.0,0.5111470992470726,0.08450251070504641
0.19190140845070425,0.20909090909090908,0.23597175771088813,0.15730337078651685,0.1966597077244259,0.17073170731707316,1.0,0.0,0.06761835711147776,0.15010355403406814
0.07042253521126761,0.06363636363636363,0.021181716833890765,0.0,0.002922755741127353,0.9512195121951221,0.0,0.0,0.008264472143262898,0.7619429763314653
0.11971830985915492,0.09090909090909091,0.23151244890375328,0.24719101123595505,0.14822546972860126,0.2439024390243903,0.0,0.0,0.045261480535349875,0.06296089058176327
0.3961267605633803,0.4,0.5336306205871423,0.3595505617977528,0.30229645093945723,0.07317073170731708,0.0,0.0,0.24432932758276046,0.19930683774167632
0.05985915492957747,0.027272727272727282,0.06986250464511336,0.0449438202247191,0.02045929018789145,0.6097560975609757,1.0,0.0,0.011782350077980569,0.32683923984567675
0.019366197183098594,0.054545454545454564,0.007803790412486064,0.0898876404494382,0.04968684759916494,0.6097560975609757,1.0,0.0,0.001552270697036738,0.24202230618719048
0.05985915492957747,0.054545454545454564,0.0884429580081754,0.10112359550561797,0.06680584551148225,0.4146341463414634,1.0,0.0,0.013589285774785796,0.17119211834314277
0.8556338028169014,0.9636363636363635,0.8034188034188035,0.8089887640449438,0.6951983298538622,0.26829268292682934,1.0,0.0,0.7120060713039413,0.20129016024064691
0.09154929577464789,0.06363636363636363,0.09513192121887774,0.06741573033707865,0.07599164926931107,0.26829268292682934,1.0,0.0,0.019911302043983073,0.16370675863292297
0.06690140845070423,0.027272727272727282,0.10442214790040878,0.0,0.07473903966597079,0.1951219512195122,1.0,0.0,0.016460054863085098,0.0782872264580515
0.6936619718309859,0.6090909090909091,0.5800817539947974,0.6179775280898876,0.42338204592901885,0.8292682926829269,0.0,0.0,0.4401119396664171,0.22224365248781883
0.36971830985915494,0.3363636363636364,0.43180973615756224,0.47191011235955055,0.25302713987473907,0.9268292682926831,1.0,0.0,0.19247591975850306,0.20557499793631337
0.3433098591549296,0.4,0.39687848383500557,0.38202247191011235,0.2876826722338205,0.902439024390244,1.0,0.0,0.16813310791810518,0.2174977462747247
0.0035211267605633825,0.03636363636363635,0.04236343366778149,0.02247191011235955,0.04008350730688936,0.9268292682926831,0.0,1.0,0.0015912327479990999,0.23117727466811008
0.6602112676056338,0.5727272727272728,0.6614641397250093,0.7303370786516854,0.44258872651356995,0.4634146341463415,1.0,0.0,0.4702075830315186,0.18337290382422974
0.03345070422535211,0.04545454545454544,0.09996283909327387,0.0,0.042171189979123176,0.26829268292682934,0.0,0.0,0.009873209580824797,0.25120952522560647
0.02112676056338028,0.03636363636363635,0.008175399479747311,0.033707865168539325,0.07098121085594991,0.26829268292682934,1.0,0.0,0.0017583742999535846,0.11095988074405341
0.06866197183098592,0.027272727272727282,0.04905239687848385,0.02247191011235955,0.025887265135699382,0.5853658536585367,0.0,0.0,0.01098391036695476,0.2843594411939736
0.36619718309859156,0.2727272727272727,0.4132292827945002,0.41573033707865165,0.23340292275574115,0.5609756097560976,1.0,0.0,0.18410303147343185,0.16858511231351328
0.7517605633802816,0.4818181818181818,0.7599405425492383,0.6292134831460674,0.40918580375782887,0.09756097560975613,0.0,0.0,0.5997247811066804,0.1543932182247015
0.4313380281690141,0.40909090909090906,0.4882943143812709,0.42696629213483145,0.23131524008350735,0.902439024390244,0.0,0.0,0.24501257514311495,0.3154132747115894
0.4471830985915493,0.2909090909090909,0.3931623931623932,0.5168539325842696,0.3281837160751566,0.8048780487804879,0.0,0.0,0.21217151885368002,0.08550418656349659
0.1619718309859155,0.1818181818181818,0.23039762170196953,0.24719101123595505,0.11315240083507308,0.6097560975609757,0.0,0.0,0.05759042866161403,0.29334924891420866
0.7024647887323944,0.5909090909090909,0.6016350798959494,0.5730337078651686,0.41753653444676414,0.6829268292682928,0.0,0.0,0.45942187092380715,0.2163286841306891
0.22711267605633806,0.24545454545454545,0.12188777406168712,0.25842696629213485,0.19749478079331945,0.2926829268292683,0.0,0.0,0.05063711423334542,0.19262360381964702
0.30281690140845074,0.3363636363636364,0.4496469713861019,0.43820224719101125,0.23256784968684763,0.6585365853658538,1.0,0.0,0.16653735783086407,0.23660108768022434
0.8151408450704225,0.9,0.9758454106280193,0.8764044943820224,0.8409185803757829,0.9512195121951221,0.0,0.0,0.8091740383996423,0.11225791673214555
0.5809859154929577,0.5727272727272728,0.6109253065774805,0.7752808988764044,0.4434237995824635,0.7804878048780488,0.0,0.0,0.3896577776723732,0.18269358993723703
0.8450704225352113,0.8818181818181817,0.791898922333705,0.898876404494382,0.6793319415448852,0.7073170731707319,0.0,0.0,0.6947306367076729,0.1775794924129435
0.6426056338028169,0.5727272727272728,0.7391304347826088,0.5730337078651686,0.39540709812108565,0.902439024390244,1.0,0.0,0.5050673252947282,0.22595779746858877
0.20950704225352113,0.24545454545454545,0.2121887774061687,0.2696629213483146,0.1490605427974948,0.8048780487804879,0.0,0.0,0.06752462232220599,0.29474169195783206
0.9242957746478873,0.9363636363636364,0.8272017837235228,0.898876404494382,0.7323590814196242,0.902439024390244,1.0,1.0,0.7863253365135402,0.1712824736499496
0.14964788732394368,0.22727272727272727,0.15013006317354144,0.1797752808988764,0.1640918580375783,0.8292682926829269,1.0,0.0,0.03991972688166943,0.23251851875082322
0.1267605633802817,0.1818181818181818,0.2185061315496098,0.3146067415730337,0.1862212943632568,0.2439024390243903,0.0,0.0,0.04533488729803259,0.13215904901245154
0.11795774647887323,0.15454545454545457,0.2660720921590487,0.30337078651685395,0.13611691022964512,0.5609756097560976,0.0,0.0,0.0498330278482671,0.184434270765206
0.0721830985915493,0.04545454545454544,0.10702341137123746,0.07865168539325842,0.06471816283924844,0.3658536585365854,0.0,0.0,0.01772829785528026,0.15419016138440597
0.176056338028169,0.1636363636363636,0.2824228911185433,0.15730337078651685,0.1991649269311065,0.4634146341463415,0.0,0.0,0.07203236221832979,0.09200855531790778
0.5651408450704225,0.4636363636363636,0.6090672612411743,0.7752808988764044,0.4960334029227558,0.07317073170731708,1.0,0.0,0.37877720144057947,0.08554263629521777
0.772887323943662,0.49090909090909096,0.5782237086584913,0.7640449438202246,0.4989561586638831,0.902439024390244,1.0,0.0,0.4861266865203726,0.09850659429979022
0.2130281690140845,0.24545454545454545,0.3024897807506503,0.24719101123595505,0.0910229645093946,0.5609756097560976,1.0,0.0,0.0892298727126735,0.5143136816639136
0.02112676056338028,0.054545454545454564,0.004830917874396143,0.10112359550561797,0.04384133611691023,0.8292682926829269,1.0,0.0,0.0015449300207684667,0.2726035387905892
0.8133802816901409,0.8181818181818182,0.8216276477146043,0.898876404494382,0.7791231732776619,0.3170731707317073,0.0,1.0,0.6922269014327872,0.10784029770404915
0.23239436619718312,0.22727272727272727,0.1705685618729097,0.29213483146067415,0.09853862212943634,0.8048780487804879,0.0,0.0,0.06368770730352115,0.4385386213870328
0.3257042253521127,0.3545454545454546,0.505388331475288,0.37078651685393255,0.3152400835073069,0.6097560975609757,0.0,0.0,0.19584698416785531,0.14769707575462973
0.019366197183098594,0.009090909090909094,0.032329988851727984,0.056179775280898875,0.014196242171189984,0.853658536585366,0.0,0.0,0.0030802606956476554,0.2938413916726157
0.028169014084507046,0.09090909090909091,0.002601263470828688,0.056179775280898875,0.005845511482254699,0.5853658536585367,0.0,0.0,0.0021005627475360732,0.8652969516278868
0.1778169014084507,0.12727272727272726,0.20698625046451136,0.1797752808988764,0.08475991649269313,0.5365853658536586,0.0,0.0,0.05761583869485034,0.2821119892639148
0.2200704225352113,0.12727272727272726,0.24228911185432922,0.32584269662921345,0.14154488517745303,0.8048780487804879,0.0,1.0,0.07757174946384829,0.12997678169070462
0.8485915492957746,0.8636363636363636,0.8309178743961353,0.8089887640449438,0.6647181628392484,0.5609756097560976,0.0,0.0,0.7278348280079551,0.17819219869261252
0.9242957746478873,0.7090909090909091,0.8316610925306578,0.9775280898876404,0.9603340292275574,0.09756097560975613,0.0,1.0,0.790086021432516,0.018534418340416248
0.8309859154929577,0.9,0.8078781122259383,0.9662921348314606,0.7653444676409187,0.5121951219512195,0.0,0.0,0.6959288609416169,0.1426039646281634
0.8961267605633803,0.6727272727272727,0.9267930137495356,0.8876404494382022,0.9657620041753655,0.1951219512195122,0.0,0.0,0.845053005329331,0.0068549420352745916
0.21478873239436624,0.1818181818181818,0.11705685618729099,0.1348314606741573,0.08517745302713989,0.09756097560975613,1.0,0.0,0.04703114818340849,0.40370865557751867
0.07746478873239436,0.054545454545454564,0.04979561501300632,0.033707865168539325,0.03340292275574113,0.21951219512195125,1.0,1.0,0.012292809412328043,0.3388509396293332
0.7288732394366197,0.6,0.7692307692307693,0.752808988764045,0.37578288100208773,0.26829268292682934,0.0,1.0,0.588764022103341,0.2653513308024593
0.11971830985915492,0.11818181818181817,0.11371237458193982,0.15730337078651685,0.12192066805845514,0.9268292682926831,0.0,1.0,0.027719522923802656,0.1547468969743808
0.8661971830985915,0.9909090909090909,0.927536231884058,0.8426966292134832,0.6517745302713988,0.2439024390243903,1.0,0.0,0.8188027469939931,0.23850682967139805
0.02112676056338028,0.07272727272727272,0.042735042735042736,0.056179775280898875,0.07599164926931107,0.07317073170731708,0.0,0.0,0.0039639651848664605,0.18582641710244888
0.755281690140845,0.5454545454545454,0.6243032329988852,0.6404494382022472,0.4129436325678497,0.6097560975609757,0.0,0.0,0.5077737761680993,0.19178170976732126
0.2130281690140845,0.12727272727272726,0.3054626532887402,0.3146067415730337,0.19582463465553238,0.3658536585365854,0.0,0.0,0.08991199093821749,0.052180368727131304
0.8221830985915493,0.7909090909090908,0.9565217391304347,0.943820224719101,0.8242171189979124,0.0,0.0,0.0,0.8011941586286262,0.08208660335586618
0.1971830985915493,0.22727272727272727,0.12002972872538091,0.16853932584269665,0.1118997912317328,0.5365853658536586,1.0,1.0,0.04418861246537177,0.3823992310486133
0.397887323943662,0.4363636363636363,0.3742103307320699,0.47191011235955055,0.30814196242171193,0.6097560975609757,0.0,1.0,0.1832966864187325,0.22243826560373317
0.9683098591549295,0.6545454545454544,0.8625046451133408,0.898876404494382,0.9018789144050104,0.7560975609756098,0.0,0.0,0.8531254905548084,0.016102267891291794
0.0,0.027272727272727282,0.09624674842066148,0.056179775280898875,0.06263048016701461,0.39024390243902446,0.0,0.0,0.0035777326796743447,0.11159878848336777
0.2570422535211268,0.2545454545454545,0.15793385358602752,0.29213483146067415,0.10855949895615868,0.7073170731707319,1.0,1.0,0.06632470408604628,0.4476061768409707
0.11443661971830986,0.2545454545454545,0.15458937198067635,0.1797752808988764,0.1490605427974948,0.5609756097560976,1.0,0.0,0.03259034396150324,0.3084462629661252
0.09154929577464789,0.054545454545454564,0.10702341137123746,0.033707865168539325,0.009185803757828813,0.2439024390243903,1.0,0.0,0.02139298931536336,0.5945977056192883
0.17957746478873238,0.23636363636363636,0.12114455592716462,0.24719101123595505,0.10104384133611694,0.7073170731707319,1.0,0.0,0.040883049475028715,0.44549197304905774
0.33274647887323944,0.38181818181818183,0.4489037532515794,0.3595505617977528,0.23089770354906058,0.7804878048780488,1.0,0.0,0.18080424449195182,0.2873880197094796
0.012323943661971828,0.03636363636363635,0.024897807506503153,0.0898876404494382,0.08058455114822546,0.024390243902439046,1.0,0.0,0.001783784333189908,0.08583958253411875
0.176056338028169,0.09090909090909091,0.11148272017837237,0.12359550561797752,0.20334029227557412,0.2926829268292683,1.0,1.0,0.03826525138428215,0.0013709600345376272
0.3433098591549296,0.2727272727272727,0.4154589371980676,0.42696629213483145,0.3402922755741128,0.9268292682926831,0.0,1.0,0.17448561622718603,0.06236113388038908
0.6707746478873239,0.5363636363636364,0.5641025641025641,0.6741573033707864,0.3849686847599165,0.6097560975609757,0.0,0.0,0.4164568927256157,0.21204630494681384
0.681338028169014,0.4727272727272728,0.6584912671869194,0.595505617977528,0.43131524008350736,0.4146341463414634,1.0,0.0,0.482431503020406,0.1317345058098934
0.7235915492957746,0.5545454545454545,0.6042363433667781,0.7191011235955056,0.5507306889352819,0.9512195121951221,0.0,0.0,0.4741817122296796,0.1024343713534133
0.4014084507042254,0.3545454545454546,0.4808621330360461,0.5168539325842696,0.34864300626304806,0.5365853658536586,1.0,0.0,0.22658634837494368,0.1169913605219092
0.7095070422535211,0.5272727272727272,0.6655518394648829,0.7303370786516854,0.5002087682672234,0.34146341463414637,0.0,0.0,0.5058149449392814,0.11717216583423543
0.9559859154929577,0.890909090909091,0.8952062430323301,0.9662921348314606,0.8417536534446765,0.3658536585365854,1.0,1.0,0.8712304215693915,0.10897652297661128
0.48943661971830993,0.6090909090909091,0.6213303604607953,0.7078651685393258,0.5549060542797495,0.4634146341463415,1.0,1.0,0.33738764530304005,0.12665015202091687
0.19366197183098594,0.2545454545454545,0.3102935711631364,0.29213483146067415,0.1686847599164927,0.853658536585366,0.0,1.0,0.08395813781724427,0.26016941124854787
0.02464788732394367,0.009090909090909094,0.08509847640282424,0.07865168539325842,0.054279749478079335,0.1951219512195122,0.0,0.0,0.007267269505588512,0.08529114534610568
0.8186619718309859,0.7181818181818183,0.9728725380899294,0.8314606741573034,0.8977035490605428,0.3170731707317073,1.0,0.0,0.8102446477999994,0.03670280747367416
0.9295774647887324,0.8,0.9152731326644371,0.8202247191011236,0.6037578288100209,0.17073170731707316,1.0,1.0,0.865282779789876,0.18651185519575894
0.028169014084507046,0.009090909090909094,0.08695652173913045,0.0898876404494382,0.027139874739039664,0.2439024390243903,1.0,0.0,0.007996819793173623,0.20044119144838565
0.5123239436619718,0.6272727272727273,0.6900780379041249,0.6067415730337078,0.5832985386221294,0.6585365853658538,0.0,1.0,0.38541091411747563,0.11968863827856632
0.1742957746478873,0.21818181818181817,0.28130806391675955,0.19101123595505615,0.19958246346555325,0.43902439024390244,1.0,0.0,0.07121415914812015,0.15658735048524416
0.8609154929577465,0.9,0.8431809736157563,0.9325842696629212,0.8605427974947808,0.7073170731707319,1.0,0.0,0.7475377677794003,0.10520823487086331
0.8397887323943661,0.7818181818181817,0.8561872909698997,0.9550561797752808,0.6016701461377871,0.7317073170731709,0.0,1.0,0.7401366720987671,0.17963749711615665
0.13028169014084506,0.1727272727272727,0.13043478260869568,0.28089887640449435,0.09185803757828812,0.2926829268292683,0.0,0.0,0.032422073074738246,0.35367559019473394
0.8485915492957746,0.8636363636363636,0.7829803047194351,0.8876404494382022,0.6250521920668058,0.3658536585365854,0.0,0.0,0.6905396752258952,0.20137930196383427
0.05985915492957747,0.06363636363636363,0.10516536603493125,0.033707865168539325,0.0020876826722338246,0.853658536585366,0.0,0.0,0.015215527901910495,0.779985020992215
0.9612676056338028,0.8272727272727273,0.7971014492753623,0.8202247191011236,0.9273486430062631,0.3658536585365854,0.0,0.0,0.7899572772641188,0.06164604530730902
0.897887323943662,0.890909090909091,0.9739873652917131,0.898876404494382,0.7448851774530272,0.5365853658536586,0.0,0.0,0.8853567060465716,0.1484797123415005
0.9242957746478873,0.7727272727272727,0.9487179487179488,0.9550561797752808,0.6108559498956159,0.14634146341463422,0.0,0.0,0.8888040005556328,0.1701053571557168
0.8697183098591549,0.7181818181818183,0.835005574136009,0.8764044943820224,0.679749478079332,0.04878048780487804,1.0,0.0,0.7482870814261692,0.1118003157079002
0.5264084507042254,0.5272727272727272,0.5908584169453734,0.6629213483146068,0.5348643006263049,0.12195121951219517,0.0,0.0,0.3455617706614627,0.09741171287310099
0.007042253521126765,0.018181818181818174,0.08026755852842811,0.0,0.02839248434237996,0.04878048780487804,1.0,0.0,0.004019302590581121,0.2300657340415008
0.8961267605633803,0.9909090909090909,0.9479747305834262,0.8202247191011236,0.7954070981210857,0.902439024390244,0.0,1.0,0.862401282020877,0.1612722743093347
0.45422535211267606,0.4,0.4362690449646971,0.43820224719101125,0.2776617954070981,0.43902439024390244,1.0,0.0,0.23410771821289547,0.23092978320046662
0.7183098591549295,0.5,0.5748792270531401,0.6067415730337078,0.4271398747390397,0.7560975609756098,1.0,0.0,0.4513770544011872,0.1515861287255539
0.3996478873239437,0.3727272727272727,0.5165366034931252,0.40449438202247184,0.2784968684759917,0.8292682926829269,1.0,0.0,0.23961661341853038,0.2052170267997606
0.8714788732394366,0.890909090909091,0.7963582311408398,1.0,0.6350730688935282,0.9512195121951221,0.0,0.0,0.7188955783154165,0.20691091914113494
0.21478873239436624,0.20909090909090908,0.32441471571906355,0.21348314606741575,0.14989561586638833,0.5853658536585367,1.0,1.0,0.09492397882723097,0.23796561206633146
0.13380281690140844,0.2727272727272727,0.31809736157562246,0.14606741573033705,0.1632567849686848,0.0,0.0,0.0,0.06338617490911677,0.2981262216400421
0.07394366197183098,0.027272727272727282,0.05908584169453736,0.033707865168539325,0.04050104384133612,0.34146341463414637,0.0,0.0,0.01281682076440156,0.19743923779895003
0.221830985915493,0.2545454545454545,0.20958751393534003,0.2696629213483146,0.17035490605427978,0.1951219512195122,0.0,0.0,0.07035868802916394,0.25647080579572934
0.13204225352112675,0.2545454545454545,0.24712002972872538,0.20224719101123595,0.16158663883089772,0.8048780487804879,0.0,0.0,0.0514078852415139,0.27656215898764713
0.3433098591549296,0.40909090909090906,0.4548494983277592,0.38202247191011235,0.32275574112734867,0.7804878048780488,1.0,0.0,0.18795293384243747,0.18347809719643757
0.9683098591549295,0.6818181818181818,0.8762541806020067,0.8651685393258426,0.7068893528183716,0.8292682926829269,0.0,0.0,0.8652432530715085,0.0860293165575888
0.01056338028169014,0.04545454545454544,0.002972872538089935,0.056179775280898875,0.07098121085594991,0.6585365853658538,0.0,0.0,0.00037606849189758713,0.13405183189355854
0.36619718309859156,0.3727272727272727,0.41099962839093274,0.39325842696629215,0.3503131524008351,0.21951219512195125,0.0,0.0,0.1832966864187325,0.1289774859403233
0.1602112676056338,0.1,0.3292456335934597,0.12359550561797752,0.19874739039665973,0.0,0.0,0.0,0.07524419041940107,0.01631877525566719
0.19190140845070425,0.1818181818181818,0.14678558156819027,0.30337078651685395,0.17160751565762006,0.1951219512195122,1.0,0.0,0.0487810524722833,0.15561629989309636
0.15845070422535212,0.20909090909090908,0.1605351170568562,0.28089887640449435,0.20083507306889356,0.1951219512195122,0.0,0.0,0.04381028530385318,0.14389754394189194
0.8996478873239436,0.7636363636363637,0.7989594946116685,0.9325842696629212,0.7135699373695199,0.853658536585366,1.0,0.0,0.7431237626725482,0.11470658804976777
0.8820422535211268,0.8,0.9672984020810108,1.0,0.6388308977035491,0.6585365853658538,1.0,0.0,0.8651049095572217,0.16599593333062654
0.221830985915493,0.1090909090909091,0.22073578595317728,0.30337078651685395,0.13653444676409188,0.9512195121951221,1.0,1.0,0.07300133148574157,0.11020804977639512
0.05985915492957747,0.07272727272727272,0.018208844295800816,0.056179775280898875,0.07181628392484343,0.9268292682926831,0.0,0.0,0.006759068840862045,0.20030473900977494
0.9313380281690141,0.6545454545454544,0.8606465997770346,0.8314606741573034,0.8350730688935283,0.09756097560975613,1.0,1.0,0.8204436704736544,0.033481608128310136
0.39084507042253525,0.2909090909090909,0.42251950947603123,0.39325842696629215,0.2359081419624217,0.7804878048780488,1.0,0.0,0.19883859208087845,0.18403830099862498
0.176056338028169,0.20000000000000004,0.3296172426607209,0.30337078651685395,0.1444676409185804,0.6585365853658538,0.0,0.0,0.08135502107903424,0.23696273222798994
0.7676056338028169,0.5545454545454545,0.6250464511334076,0.7078651685393258,0.5674321503131524,0.878048780487805,0.0,0.0,0.516134241770255,0.09382255721654789
0.7711267605633803,0.5727272727272728,0.6075808249721293,0.6067415730337078,0.46221294363256793,0.09756097560975613,0.0,0.0,0.5059544177883786,0.16800272536047553
0.7288732394366197,0.4636363636363636,0.7160906726124118,0.7078651685393258,0.4559498956158664,0.17073170731707316,1.0,0.0,0.5529121592091043,0.10947194749006853
0.7940140845070423,0.9,0.910442214790041,0.8539325842696628,0.7995824634655533,0.0,0.0,0.0,0.7415314005897388,0.1281815787024306
0.6866197183098591,0.6090909090909091,0.6373095503530286,0.7191011235955056,0.4530271398747391,0.14634146341463422,1.0,0.0,0.47242672593415747,0.19627181137972502
0.2834507042253521,0.42727272727272725,0.4132292827945002,0.48314606741573035,0.3711899791231733,0.024390243902439046,1.0,1.0,0.14657636505521884,0.14990427013228122
0.22359154929577468,0.13636363636363638,0.3002601263470829,0.2247191011235955,0.11315240083507308,0.4634146341463415,1.0,0.0,0.0924789689624914,0.2090698015370042
0.27992957746478875,0.34545454545454546,0.5124489037532516,0.550561797752809,0.28935281837160753,0.9512195121951221,0.0,0.0,0.17347429690438038,0.16781945895137748
0.8591549295774648,0.7818181818181817,0.9855072463768116,0.9325842696629212,0.8446764091858038,0.39024390243902446,1.0,1.0,0.8581126330779908,0.07233571409887926
0.028169014084507046,0.09090909090909091,0.0575994054254924,0.0449438202247191,0.0012526096033402961,0.9756097560975612,0.0,0.0,0.005944818442489189,0.9771258974462447
0.7799295774647887,0.6272727272727273,0.73950204384987,0.5842696629213482,0.5720250521920669,0.6341463414634148,0.0,0.0,0.6062393489610686,0.12577447262204547
0.30457746478873243,0.30000000000000004,0.4652545522110739,0.49438202247191004,0.2237995824634656,0.17073170731707316,1.0,0.0,0.17220548924477994,0.2118923057214677
0.4137323943661972,0.34545454545454546,0.5455221107395021,0.46067415730337075,0.25929018789144054,0.902439024390244,1.0,0.0,0.2589316266825677,0.20562412247296383
0.4366197183098592,0.3363636363636364,0.43924191750278707,0.5056179775280898,0.3402922755741128,0.07317073170731708,0.0,0.0,0.22702904762066095,0.11043163349553534
0.8468309859154929,0.890909090909091,0.8955778520995913,0.9775280898876404,0.975365344467641,1.0,1.0,0.0,0.7766085398039702,0.06682102208927979
0.1602112676056338,0.24545454545454545,0.11780007432181346,0.29213483146067415,0.1549060542797495,0.7073170731707319,0.0,0.0,0.03636740423523141,0.27976496667872675
0.07570422535211267,0.018181818181818174,0.002229654403567455,0.056179775280898875,0.0722338204592902,0.5121951219512195,1.0,1.0,0.006770362188967077,0.06176398481684689
0.16901408450704225,0.1090909090909091,0.32887402452619846,0.20224719101123595,0.20751565762004176,0.17073170731707316,0.0,0.0,0.07852716671353406,0.01882299565752804
0.4735915492957747,0.4363636363636363,0.41954663693794125,0.34831460674157305,0.36868475991649274,0.6341463414634148,1.0,1.0,0.23567805826690025,0.15850213311068154
0.1267605633802817,0.26363636363636367,0.1653660349312523,0.29213483146067415,0.12776617954070982,0.7560975609756098,1.0,0.0,0.03709864852503227,0.38879726853553165
0.2341549295774648,0.19090909090909094,0.1181716833890747,0.12359550561797752,0.13235908141962424,0.12195121951219517,0.0,0.0,0.05113966822401937,0.25297538031350975
0.3433098591549296,0.4181818181818181,0.4035674470457079,0.5056179775280898,0.3603340292275574,0.43902439024390244,1.0,0.0,0.1704200109093743,0.15312779153880177
0.8926056338028169,0.7363636363636363,0.9498327759197324,0.8539325842696628,0.858455114822547,0.09756097560975613,0.0,0.0,0.8606954217896118,0.053385090082735204
0.09507042253521127,0.018181818181818174,0.04199182460052027,0.0,0.018371607515657626,0.7804878048780488,0.0,0.0,0.013758685996361283,0.3022931902685242
0.6320422535211268,0.4636363636363636,0.6633221850613155,0.6404494382022472,0.5348643006263049,0.2926829268292683,0.0,0.0,0.45249566053099066,0.06552680055611812
0.27992957746478875,0.4,0.5395763656633222,0.48314606741573035,0.2826722338204593,0.7560975609756098,1.0,1.0,0.18126501309463713,0.22411044137662842
0.7429577464788732,0.5272727272727272,0.7748049052396878,0.752808988764045,0.5653444676409186,0.902439024390244,1.0,0.0,0.603307595793002,0.08189286742339977
0.6161971830985915,0.6,0.7625418060200669,0.752808988764045,0.4546972860125261,0.2926829268292683,0.0,0.0,0.49918066759497987,0.18961199623649524
0.9066901408450704,0.9545454545454545,0.9695280564845782,0.8651685393258426,0.6743215031315241,0.07317073170731708,1.0,0.0,0.8899163953439785,0.20965848219388808
0.6267605633802816,0.6090909090909091,0.673355629877369,0.696629213483146,0.46221294363256793,0.8048780487804879,0.0,1.0,0.4548452416042427,0.18884273416647515
0.15140845070422537,0.26363636363636367,0.3084355258268302,0.1797752808988764,0.1653444676409186,0.4146341463414634,1.0,0.0,0.06822198656769177,0.28037798326577323
0.3080985915492958,0.40909090909090906,0.5191378669639539,0.43820224719101125,0.2617954070981211,0.43902439024390244,0.0,0.0,0.19074521416140683,0.26263920370552873
0.08802816901408451,0.009090909090909094,0.042735042735042736,0.0898876404494382,0.08183716075156577,0.43902439024390244,0.0,0.0,0.012911684888483837,0.019596074022098425
0.420774647887324,0.44545454545454544,0.5068747677443329,0.3595505617977528,0.2200417536534447,0.34146341463414637,1.0,0.0,0.24713233658242958,0.3780567823733292
0.015845070422535218,0.07272727272727272,0.024526198439241934,0.011235955056179775,0.0012526096033402961,0.024390243902439046,0.0,0.0,0.002178486849460799,0.8581805641667186
0.125,0.20000000000000004,0.11185432924563361,0.20224719101123595,0.1315240083507307,0.6097560975609757,0.0,0.0,0.028464319231329555,0.2702832948951843
0.34154929577464793,0.31818181818181823,0.4994425863991081,0.5280898876404494,0.2350730688935282,1.0,0.0,0.0,0.20226951123518738,0.21362544734117747
0.9154929577464789,0.7727272727272727,0.9713861018208844,0.9101123595505618,0.769937369519833,0.04878048780487804,0.0,1.0,0.899687964791858,0.09526873982428183
0.31338028169014087,0.3363636363636364,0.4979561501300632,0.39325842696629215,0.31691022964509397,0.902439024390244,0.0,0.0,0.18692862716931102,0.13139974005620234
0.08626760563380283,0.08181818181818182,0.07097733184689707,0.0449438202247191,0.01085594989561587,0.902439024390244,0.0,0.0,0.01606648168162471,0.7161838097089894
0.11267605633802817,0.19090909090909094,0.28836863619472314,0.3146067415730337,0.16158663883089772,0.17073170731707316,0.0,0.0,0.05129325775824782,0.18650354950457723
0.6144366197183099,0.5909090909090909,0.5652173913043478,0.651685393258427,0.4062630480167015,0.853658536585366,1.0,0.0,0.3842126898835317,0.22708492504700142
0.9788732394366197,0.7545454545454546,0.7807506503158678,0.943820224719101,0.931106471816284,0.07317073170731708,0.0,0.0,0.7892153042936181,0.03897198502594337
0.29401408450704225,0.3090909090909091,0.5065031586770717,0.38202247191011235,0.21127348643006266,0.6097560975609757,1.0,0.0,0.17928811250885118,0.24314139422053097
0.971830985915493,0.6727272727272727,0.8777406168710516,0.9101123595505618,0.9983298538622131,0.902439024390244,1.0,0.0,0.8695618293868729,0.0
0.295774647887324,0.4,0.46153846153846156,0.48314606741573035,0.22254697286012526,0.853658536585366,0.0,1.0,0.16669998204357653,0.32292656440885026
0.4366197183098592,0.3909090909090909,0.3961352657004831,0.5168539325842696,0.3306889352818372,0.5365853658536586,1.0,0.0,0.20881965313610631,0.1609881413908583
0.33978873239436624,0.42727272727272725,0.3690078037904125,0.38202247191011235,0.2709812108559499,0.5121951219512195,0.0,0.0,0.15714185687488214,0.26551013358375974
0.41725352112676056,0.3090909090909091,0.4470457079152731,0.550561797752809,0.36283924843423804,0.48780487804878053,1.0,1.0,0.2209775070385792,0.07304346712819934
0.6707746478873239,0.5818181818181818,0.6161278335191379,0.6853932584269662,0.4851774530271399,0.5365853658536586,0.0,1.0,0.44894785522379466,0.15645011178323656
0.22887323943661975,0.20000000000000004,0.12857673727238944,0.23595505617977525,0.0989561586638831,0.21951219512195125,1.0,0.0,0.05261909682577865,0.3809998741865014
0.24647887323943662,0.12727272727272726,0.2738758825715347,0.3146067415730337,0.09686847599164927,0.12195121951219517,0.0,1.0,0.09381158403888526,0.23930977041682502
0.5352112676056338,0.509090909090909,0.7774061687105166,0.651685393258427,0.4697286012526096,0.6829268292682928,1.0,1.0,0.4455801788188739,0.12649241466057717
0.0,0.027272727272727282,0.0657748049052397,0.06741573033707865,0.06304801670146137,0.4146341463414634,0.0,0.0,0.0021886508627553276,0.11032348838953945
0.8556338028169014,0.9181818181818181,0.79041248606466,0.9101123595505618,0.7073068893528184,0.853658536585366,0.0,0.0,0.7018081779650969,0.17707456558779508
0.6795774647887324,0.5727272727272728,0.5871423262727611,0.5842696629213482,0.5139874739039666,0.34146341463414637,1.0,0.0,0.43615926782965564,0.13264969692870845
0.21478873239436624,0.15454545454545457,0.126347082868822,0.3146067415730337,0.20626304801670148,0.902439024390244,0.0,0.0,0.0491768843233647,0.07278273537627863
0.30281690140845074,0.36363636363636365,0.46079524340393907,0.39325842696629215,0.309812108559499,0.26829268292682934,0.0,0.0,0.16995924230668896,0.16069639091221824
0.04225352112676056,0.03636363636363635,0.03753251579338536,0.07865168539325842,0.07348643006263048,0.12195121951219517,1.0,0.0,0.006362672322375399,0.10400746534420238
0.176056338028169,0.1818181818181818,0.19249349684132294,0.12359550561797752,0.08601252609603341,0.7560975609756098,1.0,0.0,0.054267925649113424,0.39972136696310745
0.6725352112676056,0.4727272727272728,0.5934596804162021,0.7640449438202246,0.5352818371607516,0.024390243902439046,1.0,0.0,0.4358633821093038,0.06987788245352591
0.6654929577464789,0.4727272727272728,0.7220364176885916,0.6629213483146068,0.4179540709812109,0.48780487804878053,1.0,0.0,0.5112871367635748,0.14170731569855746
0.3274647887323944,0.2727272727272727,0.5235971757710888,0.550561797752809,0.2697286012526096,0.9756097560975612,0.0,0.0,0.2027619012125668,0.12434026365311243
0.7253521126760563,0.6090909090909091,0.6558900037160906,0.6629213483146068,0.5586638830897704,0.6585365853658538,0.0,0.0,0.5099624270308546,0.12453301233574723
0.6461267605633803,0.5454545454545454,0.7617985878855444,0.752808988764045,0.4171189979123174,0.6829268292682928,1.0,0.0,0.52132918189857,0.1881146576337792
0.4559859154929578,0.44545454545454544,0.4555927164622817,0.42696629213483145,0.3394572025052192,0.2926829268292683,0.0,0.0,0.24342698906916838,0.19372284539888449
0.8151408450704225,0.8545454545454546,0.7993311036789298,1.0,0.7144050104384134,0.5121951219512195,0.0,1.0,0.6769430487748411,0.14909851671093174
0.16901408450704225,0.1636363636363636,0.24860646599777037,0.24719101123595505,0.1373695198329854,0.4146341463414634,1.0,0.0,0.06315917861220562,0.19627181137972502
0.2517605633802817,0.2545454545454545,0.11259754738015608,0.14606741573033705,0.20083507306889356,0.34146341463414637,0.0,1.0,0.05317529421995151,0.1978710256526359
0.4014084507042254,0.30000000000000004,0.5414344109996284,0.550561797752809,0.2572025052192067,0.5609756097560976,1.0,0.0,0.25033287143539584,0.16469122187496024
0.727112676056338,0.5818181818181818,0.7383872166480863,0.7078651685393258,0.38580375782881005,0.3658536585365854,0.0,0.0,0.5666623751943868,0.2419117049842849
0.7007042253521126,0.5454545454545454,0.7447045707915273,0.7303370786516854,0.4350730688935282,0.09756097560975613,0.0,0.0,0.5513830398756829,0.17307622095407585
0.8415492957746479,0.9363636363636364,0.8502415458937198,0.797752808988764,0.9933194154488519,0.8048780487804879,0.0,0.0,0.7370185786869676,0.0746844909245851
0.8697183098591549,0.9272727272727271,0.7859531772575251,0.898876404494382,0.8212943632567851,0.26829268292682934,1.0,1.0,0.7092301663397242,0.12876410974628047
0.5475352112676056,0.5636363636363636,0.7785209959123003,0.651685393258427,0.3979123173277662,0.34146341463414637,1.0,1.0,0.45562052995165314,0.2174977462747247
0.04401408450704225,0.054545454545454564,0.021553325901151985,0.10112359550561797,0.019624217118997915,0.2926829268292683,0.0,0.0,0.005254794873271695,0.46011018212457067
0.19014084507042256,0.20000000000000004,0.31215161649944256,0.23595505617977525,0.11022964509394573,0.26829268292682934,1.0,0.0,0.08306370464732568,0.33734909119614975
0.09507042253521127,0.04545454545454544,0.02638424377554814,0.10112359550561797,0.08225469728601253,0.4634146341463415,1.0,0.0,0.011766539390633523,0.1028776978417266
0.9207746478873239,0.9636363636363635,0.970642883686362,0.797752808988764,0.7340292275574113,0.7073170731707319,0.0,0.0,0.9040031531027909,0.18062039323912146
0.8873239436619718,0.8545454545454546,0.8807134894091416,0.898876404494382,0.6680584551148226,0.8048780487804879,0.0,0.0,0.799768938097771,0.17265593343357086
0.09683098591549295,0.054545454545454564,0.042735042735042736,0.02247191011235955,0.008350730688935284,0.7073170731707319,0.0,0.0,0.014089016428433488,0.6077184396187729
0.19014084507042256,0.23636363636363636,0.21813452248234855,0.16853932584269665,0.09227557411273488,0.21951219512195125,1.0,0.0,0.06334890686037017,0.48812841618597014
0.4559859154929578,0.36363636363636365,0.4916387959866221,0.39325842696629215,0.24425887265135704,0.26829268292682934,0.0,1.0,0.2592563104405874,0.24581956056776197
0.02464788732394367,0.018181818181818174,0.060943887030843566,0.0,0.012108559498956159,0.9512195121951221,1.0,1.0,0.005652320726568844,0.36077280681597224
0.19014084507042256,0.12727272727272726,0.19881085098476403,0.12359550561797752,0.19624217118997914,0.9268292682926831,1.0,0.0,0.05929685356028446,0.05171874952280989
0.8767605633802816,0.8545454545454546,0.8974358974358975,0.8651685393258426,0.8509394572025053,0.39024390243902446,0.0,0.0,0.8041326878055557,0.09389707517725424
0.1602112676056338,0.20000000000000004,0.12969156447417318,0.2696629213483146,0.20626304801670148,0.5121951219512195,0.0,1.0,0.03855379642836573,0.1255809151402225
0.147887323943662,0.1818181818181818,0.30806391675956896,0.23595505617977525,0.20626304801670148,0.2439024390243903,0.0,0.0,0.06687920747800337,0.10446164323464494
0.8186619718309859,0.7181818181818183,0.9487179487179488,0.9101123595505618,0.8551148225469729,0.3170731707317073,0.0,1.0,0.7920764740360281,0.04851177296317419
0.22711267605633806,0.11818181818181817,0.2902266815310294,0.24719101123595505,0.177035490605428,0.48780487804878053,0.0,1.0,0.09130841343140476,0.06280417995979129
0.012323943661971828,0.054545454545454564,0.06986250464511336,0.0898876404494382,0.04759916492693111,0.8292682926829269,0.0,0.0,0.004311800306501468,0.2524911942410202
0.4225352112676057,0.36363636363636365,0.4570791527313266,0.46067415730337075,0.35699373695198333,0.4146341463414634,0.0,1.0,0.22764340575757475,0.11669671203171747
0.11091549295774648,0.14545454545454548,0.14083983649201043,0.30337078651685395,0.08350730688935284,0.6585365853658538,1.0,0.0,0.02983646102609102,0.3286186678166163
0.3274647887323944,0.3727272727272727,0.4388703084355259,0.49438202247191004,0.3653444676409186,0.6585365853658538,1.0,0.0,0.17495316083873438,0.11641411460451925
0.15845070422535212,0.2545454545454545,0.23708658491267187,0.29213483146067415,0.18079331941544888,0.6341463414634148,0.0,0.0,0.05776886356167354,0.23460521619009747
0.5580985915492958,0.4818181818181818,0.6313638052768488,0.5730337078651686,0.5653444676409186,0.07317073170731708,1.0,0.0,0.3861494990835448,0.06025902163131017
0.04401408450704225,0.07272727272727272,0.009661835748792272,0.02247191011235955,0.03924843423799582,0.3170731707317073,1.0,0.0,0.004260980240028821,0.36368194510107377
0.1267605633802817,0.1727272727272727,0.22891118543292455,0.30337078651685395,0.10855949895615868,0.04878048780487804,1.0,1.0,0.04694757740743125,0.29130611079597335
0.14260563380281693,0.23636363636363636,0.1207729468599034,0.1797752808988764,0.15114822546972861,0.5121951219512195,1.0,0.0,0.03337353765258725,0.2757321257205221
0.7359154929577465,0.6,0.7049424005945745,0.6292134831460674,0.3945720250521921,0.2439024390243903,0.0,0.0,0.5503576038677459,0.24484031508030626
0.959507042253521,0.6545454545454544,0.972129319955407,0.8764044943820224,0.7624217118997912,0.7804878048780488,0.0,0.0,0.9415015861507415,0.05565411904850462
0.9084507042253521,0.7090909090909091,0.947603121516165,0.797752808988764,0.64258872651357,0.14634146341463422,0.0,0.0,0.8733699463678899,0.12552946746201157
0.13204225352112675,0.1818181818181818,0.15830546265328876,0.15730337078651685,0.10062630480167017,0.8292682926829269,1.0,0.0,0.03723755670672417,0.337448959751118
0.02640845070422536,0.06363636363636363,0.0,0.06741573033707865,0.037160751565762005,0.9512195121951221,1.0,0.0,0.0017482102866590542,0.34584832134292554
0.06690140845070423,0.009090909090909094,0.08398364920104053,0.02247191011235955,0.041336116910229655,0.26829268292682934,0.0,0.0,0.014348198767443988,0.1309652839676346
0.3838028169014085,0.32727272727272727,0.4065403195837979,0.47191011235955055,0.32609603340292276,0.5365853658536586,0.0,0.0,0.18956675328664663,0.11571410598071621
0.829225352112676,0.9818181818181818,0.924563359345968,0.8539325842696628,0.8233820459290189,0.3170731707317073,1.0,0.0,0.7833608326359691,0.14617093300286507
0.5264084507042254,0.5909090909090909,0.7339279078409513,0.696629213483146,0.45219206680584556,0.21951219512195125,1.0,0.0,0.41708536754766073,0.18632998436946172
0.9207746478873239,0.6727272727272727,0.8387216648086213,0.8876404494382022,0.9891440501043841,0.8048780487804879,0.0,0.0,0.7931504714408167,0.0018896454602258805
0.8785211267605634,0.6454545454545454,0.885916016350799,0.9662921348314606,0.7607515657620042,0.4146341463414634,0.0,0.0,0.7964069083669029,0.052936105310205955
0.6461267605633803,0.5272727272727272,0.6410256410256411,0.6292134831460674,0.4446764091858038,0.5365853658536586,0.0,0.0,0.448472969935978,0.15469224028404074
0.05809859154929578,0.07272727272727272,0.007060572277963584,0.011235955056179775,0.07056367432150315,0.5853658536585367,0.0,0.0,0.005493649185693134,0.20485582916814402
0.7623239436619718,0.5272727272727272,0.7640282422891119,0.651685393258427,0.47348643006263047,0.6097560975609757,1.0,0.0,0.6105522786023805,0.13421984123902778
0.2869718309859155,0.38181818181818183,0.37755481233742105,0.43820224719101125,0.2187891440501044,0.34146341463414637,1.0,1.0,0.13771108679276822,0.31050085574886777
0.5440140845070423,0.6272727272727273,0.6261612783351914,0.6292134831460674,0.4546972860125261,0.7073170731707319,0.0,0.0,0.3744303917549524,0.2054780264306603
0.15845070422535212,0.1,0.1553325901151988,0.32584269662921345,0.12108559498956159,0.6097560975609757,0.0,0.0,0.04286164406303044,0.12453301233574723
0.26232394366197187,0.22727272727272727,0.3017465626161278,0.2247191011235955,0.15198329853862214,0.9268292682926831,0.0,0.0,0.10667244886089644,0.2601427857077727
0.9911971830985915,0.8363636363636363,0.8164251207729468,0.797752808988764,0.6321503131524009,0.48780487804878053,1.0,0.0,0.8308589607635207,0.18533395717362824
0.45774647887323944,0.32727272727272727,0.5172798216276477,0.44943820224719105,0.29519832985386224,0.12195121951219517,0.0,1.0,0.2714728897532065,0.1456833332133092
0.8309859154929577,0.6545454545454544,0.8528428093645485,0.898876404494382,0.6058455114822547,0.21951219512195125,0.0,0.0,0.7302278884714115,0.1203214825614203
0.13380281690140844,0.1818181818181818,0.23039762170196953,0.1348314606741573,0.08810020876826724,0.8048780487804879,0.0,0.0,0.04926045509934194,0.3899753669262902
0.30457746478873243,0.2727272727272727,0.37941285767372723,0.5168539325842696,0.28601252609603345,0.07317073170731708,0.0,0.0,0.14572654061031515,0.10767777601214398
0.13380281690140844,0.1636363636363636,0.1426978818283166,0.24719101123595505,0.20542797494780796,0.21951219512195125,0.0,0.0,0.0351347352895671,0.08433621941874161
0.9401408450704225,0.7909090909090908,0.7878112225938313,0.8202247191011236,0.7862212943632568,0.39024390243902446,1.0,0.0,0.7654145731622618,0.09557687401152806
0.8556338028169014,0.9999999999999999,0.7818654775176515,0.8089887640449438,0.7791231732776619,0.2439024390243903,1.0,0.0,0.6951067051995705,0.1718738443146626
0.19014084507042256,0.19090909090909094,0.23968784838350055,0.21348314606741575,0.1849686847599165,0.7317073170731709,0.0,0.0,0.06786850477200423,0.14559780746831105
0.49119718309859156,0.5909090909090909,0.73950204384987,0.752808988764045,0.4805845511482255,0.9512195121951221,1.0,0.0,0.3939876473358427,0.164712197654265
0.28169014084507044,0.3363636363636364,0.3619472315124489,0.5280898876404494,0.3394572025052192,0.09756097560975613,1.0,0.0,0.13097234597849522,0.11113634761965005
0.028169014084507046,0.009090909090909094,0.06874767744332962,0.07865168539325842,0.044258872651356994,0.12195121951219517,0.0,0.0,0.006724059461736442,0.11946744169387111
0.11971830985915492,0.12727272727272726,0.1653660349312523,0.29213483146067415,0.12567849686847601,0.6341463414634148,1.0,0.0,0.035411422318140394,0.16217371299642117
0.806338028169014,0.7727272727272727,0.94314381270903,0.9213483146067414,0.7866388308977036,0.7317073170731709,1.0,1.0,0.7766582305356322,0.08907656719874982
0.13028169014084506,0.24545454545454545,0.2697881828316611,0.21348314606741575,0.1632567849686848,0.5121951219512195,0.0,0.0,0.05444410187955193,0.25984219736586267
0.9242957746478873,0.8454545454545456,0.8420661464139725,0.8202247191011236,0.7937369519832986,0.8292682926829269,0.0,0.0,0.7988609529101265,0.11168582531611868
0.8327464788732394,0.8545454545454546,0.8431809736157563,0.8314606741573034,0.8029227557411274,0.5121951219512195,1.0,0.0,0.7243096093969692,0.11127901925944636
0.029929577464788734,0.09090909090909091,0.06465997770345598,0.0449438202247191,0.00960334029227558,0.5121951219512195,0.0,1.0,0.006707119439578893,0.7883237811295363
0.061619718309859156,0.06363636363636363,0.06986250464511336,0.07865168539325842,0.008350730688935284,0.8048780487804879,1.0,1.0,0.01205903710655387,0.6589713068042599
0.02112676056338028,0.009090909090909094,0.03716090672612411,0.011235955056179775,0.06805845511482256,0.34146341463414637,1.0,0.0,0.0036082247195579325,0.04836853947039485
0.6690140845070423,0.5909090909090909,0.696395392047566,0.651685393258427,0.463883089770355,0.6585365853658538,1.0,0.0,0.49784805251858605,0.17713524981252807
0.7887323943661971,0.5727272727272728,0.7573392790784095,0.6629213483146068,0.3820459290187892,0.6097560975609757,1.0,0.0,0.6256661663713456,0.23973493641766877
0.8838028169014084,0.8818181818181817,0.8376068376068376,0.8202247191011236,0.8542797494780794,0.853658536585366,1.0,0.0,0.7619046005712177,0.10155762050402686
0.4119718309859155,0.38181818181818183,0.4975845410628019,0.38202247191011235,0.28225469728601255,0.6341463414634148,0.0,1.0,0.2387018522220227,0.2084855794370852
0.46654929577464793,0.3727272727272727,0.4388703084355259,0.39325842696629215,0.2697286012526096,0.21951219512195125,1.0,0.0,0.24110790003579996,0.21692388087869827
0.5616197183098591,0.509090909090909,0.6462281679672984,0.7640449438202246,0.4150313152400835,0.5365853658536586,1.0,1.0,0.39629205501667464,0.16695312601085696
0.08450704225352114,0.06363636363636363,0.0568561872909699,0.056179775280898875,0.04384133611691023,0.4634146341463415,1.0,0.0,0.014114426461669811,0.3029117246743146
0.3644366197183099,0.31818181818181823,0.3961352657004831,0.3595505617977528,0.31983298538622135,0.14634146341463422,1.0,0.0,0.17714858771035275,0.11412206968167257
0.07746478873239436,0.09090909090909091,0.02378298030471944,0.033707865168539325,0.06304801670146137,0.6341463414634148,1.0,0.0,0.009367832253124589,0.2840586011718397
0.2605633802816902,0.2727272727272727,0.20587142326272762,0.30337078651685395,0.19498956158663885,0.8048780487804879,1.0,1.0,0.08011162345267013,0.2300657340415008
0.04577464788732395,0.0,0.09104422147900411,0.0,0.01670146137787057,0.9756097560975612,1.0,1.0,0.011371272206957378,0.22851890477789757
0.8468309859154929,0.9,0.8219992567818655,0.9101123595505618,0.9323590814196243,1.0,1.0,0.0,0.7194766210754204,0.08182803997453644
0.8785211267605634,0.7,0.8108509847640283,0.8876404494382022,0.8713987473903967,0.5121951219512195,1.0,0.0,0.7360676787765239,0.03810951978883384
0.6725352112676056,0.509090909090909,0.5785953177257526,0.6404494382022472,0.5390396659707725,0.0,0.0,0.0,0.4265576632707569,0.08614514414293525
0.007042253521126765,0.09090909090909091,0.09513192121887774,0.0449438202247191,0.008350730688935284,0.878048780487805,1.0,0.0,0.0047872502617233425,0.8127299083607209
0.346830985915493,0.38181818181818183,0.4251207729468599,0.40449438202247184,0.3415448851774531,1.0,0.0,1.0,0.17942193868389583,0.14360452829742545
0.015845070422535218,0.08181818181818182,0.08881456707543665,0.06741573033707865,0.0801670146137787,0.4634146341463415,0.0,0.0,0.005988297832693565,0.1936995158797378
0.20950704225352113,0.09090909090909091,0.2746191007060572,0.32584269662921345,0.10605427974947809,0.7560975609756098,0.0,0.0,0.08165937681046487,0.14084358223164825
0.6197183098591549,0.5636363636363636,0.6179858788554441,0.6404494382022472,0.5173277661795408,0.09756097560975613,0.0,0.0,0.41793067465332245,0.12589565838769753
0.9383802816901409,0.9636363636363635,0.990709773318469,0.9213483146067414,0.8722338204592902,0.39024390243902446,1.0,0.0,0.9376245797462837,0.12128383700614967
0.10211267605633804,0.027272727272727282,0.009290226681531039,0.011235955056179775,0.06680584551148225,0.09756097560975613,0.0,0.0,0.01032324950281035,0.0992822020258626
0.03345070422535211,0.018181818181818174,0.023411371237458192,0.10112359550561797,0.017536534446764097,0.26829268292682934,0.0,0.0,0.004173456792214819,0.3093914057942835
0.42957746478873243,0.2909090909090909,0.5496098104793757,0.47191011235955055,0.3473903966597078,0.2439024390243903,0.0,0.0,0.26962868600765466,0.07085150783838892
0.47711267605633806,0.5,0.6622073578595318,0.6853932584269662,0.5507306889352819,0.26829268292682934,0.0,0.0,0.34828120888515457,0.07583478205461627
0.3257042253521127,0.40909090909090906,0.5157933853586028,0.41573033707865165,0.22505219206680588,0.14634146341463422,0.0,0.0,0.19924628194747016,0.32774366513356623
0.6285211267605634,0.4818181818181818,0.6674098848011891,0.5730337078651686,0.4492693110647182,0.878048780487805,0.0,0.0,0.45254252792562655,0.12453301233574723
0.08450704225352114,0.009090909090909094,0.05016722408026757,0.0449438202247191,0.01711899791231733,0.21951219512195125,1.0,0.0,0.013321633424696519,0.26923596258128635
0.26584507042253525,0.28181818181818175,0.48532144184318093,0.37078651685393255,0.2713987473903967,0.09756097560975613,1.0,1.0,0.15841969921296659,0.13092383851075692
0.31690140845070425,0.3545454545454546,0.5035302861389818,0.5056179775280898,0.2768267223382046,0.7560975609756098,1.0,0.0,0.1905616972547,0.19093761755820096
0.00528169014084507,0.09090909090909091,0.00594574507617987,0.011235955056179775,0.029645093945720256,0.5853658536585367,1.0,0.0,0.0,0.5122820662389007
0.10211267605633804,0.054545454545454564,0.04384986993682648,0.02247191011235955,0.07181628392484343,0.3170731707317073,1.0,0.0,0.014944487547389711,0.15445671963657578
0.09859154929577464,0.06363636363636363,0.0037160906726124154,0.06741573033707865,0.05219206680584552,0.34146341463414637,0.0,0.0,0.009225536067001177,0.2577153071284082
0.1619718309859155,0.20909090909090908,0.16573764399851354,0.28089887640449435,0.16576200417536535,1.0,1.0,0.0,0.04560366898293237,0.2037433404627649
0.06866197183098592,0.009090909090909094,0.0865849126718692,0.07865168539325842,0.0617954070981211,0.17073170731707316,0.0,0.0,0.014919077514153388,0.06394798019665457
0.3116197183098592,0.42727272727272725,0.47565960609438873,0.47191011235955055,0.24634655532359084,0.48780487804878053,0.0,0.0,0.17898827411666257,0.3061918313716875
0.05985915492957747,0.009090909090909094,0.10033444816053512,0.0,0.024634655532359086,0.5853658536585367,1.0,0.0,0.014745724620741139,0.2157289183668081
0.8679577464788732,0.7636363636363637,0.8476402824228911,0.9213483146067414,0.6000000000000001,0.07317073170731708,0.0,1.0,0.7568886600103674,0.17246844153318977
0.8785211267605634,0.9454545454545454,0.9620958751393535,0.8089887640449438,0.7277661795407099,0.6829268292682928,0.0,0.0,0.8576422651294162,0.17698334670672292
0.03873239436619719,0.018181818181818174,0.03567447045707915,0.0449438202247191,0.029227557411273496,0.14634146341463422,1.0,0.0,0.005760736868377157,0.22495136214103237
0.5070422535211268,0.509090909090909,0.664065403195838,0.752808988764045,0.42755741127348645,0.7560975609756098,1.0,0.0,0.3691840668927595,0.15685692650704489
0.2535211267605634,0.12727272727272726,0.12523225566703827,0.30337078651685395,0.1849686847599165,0.7804878048780488,0.0,0.0,0.05685749036959741,0.06477597844504315
0.23767605633802819,0.12727272727272726,0.19100706057227795,0.28089887640449435,0.16743215031315242,0.39024390243902446,0.0,1.0,0.07010119969236919,0.08786792959454828
0.9806338028169015,0.9818181818181818,0.7911557041991825,0.898876404494382,0.7482254697286013,0.7073170731707319,0.0,0.0,0.7998530735411536,0.18022354846636843
0.3274647887323944,0.4545454545454545,0.4975845410628019,0.34831460674157305,0.3286012526096034,0.5121951219512195,1.0,0.0,0.19422413004516212,0.21266824985198599
0.8362676056338028,0.7818181818181817,0.8034188034188035,0.9101123595505618,0.9490605427974949,0.4146341463414634,0.0,0.0,0.6967013259520011,0.04238378339097762
0.5105633802816901,0.5636363636363636,0.6518023039762171,0.6629213483146068,0.46931106471816286,0.8292682926829269,1.0,0.0,0.36558035951244355,0.15759545934916638
0.5246478873239436,0.4636363636363636,0.6217019695280565,0.696629213483146,0.4171189979123174,0.14634146341463422,0.0,0.0,0.359865925371297,0.13662924567884807
0.3714788732394366,0.3909090909090909,0.5444072835377183,0.5393258426966292,0.36492693110647184,0.48780487804878053,1.0,0.0,0.23453630077348142,0.12965561601453293
0.954225352112676,0.9727272727272726,0.8743961352657005,0.9101123595505618,0.9933194154488519,0.9512195121951221,1.0,0.0,0.851612181908734,0.08484420512896038
0.040492957746478875,0.08181818181818182,0.08324043106651803,0.056179775280898875,0.004175365344467642,0.5853658536585367,0.0,0.0,0.009816178172894383,0.8476544284782648
0.36795774647887325,0.34545454545454546,0.5105908584169454,0.5168539325842696,0.32108559498956163,0.04878048780487804,0.0,0.0,0.22025981476650439,0.13468739018207695
0.03345070422535211,0.009090909090909094,0.03455964325529544,0.06741573033707865,0.021294363256784972,0.6829268292682928,1.0,0.0,0.005003517877934717,0.23796561206633152
0.26760563380281693,0.34545454545454546,0.4451876625789669,0.46067415730337075,0.2943632567849687,0.6097560975609757,1.0,1.0,0.14822858188298513,0.16217371299642117
0.6707746478873239,0.6181818181818182,0.6417688591601636,0.7303370786516854,0.4317327766179541,0.3658536585365854,1.0,0.0,0.4649612581693257,0.22014398749844163
0.33098591549295775,0.36363636363636365,0.4358974358974359,0.40449438202247184,0.3632567849686848,1.0,1.0,1.0,0.17564318440795187,0.11162439732389526
0.7605633802816901,0.4727272727272728,0.7435897435897436,0.6179775280898876,0.41628392484342386,0.9512195121951221,1.0,0.0,0.5948725940933531,0.14299471479327594
0.6795774647887324,0.4636363636363636,0.6737272389446303,0.6853932584269662,0.3920668058455115,0.09756097560975613,1.0,1.0,0.49089135008588597,0.1567227205940803
0.06866197183098592,0.054545454545454564,0.059829059829059825,0.06741573033707865,0.018371607515657626,0.21951219512195125,0.0,0.0,0.012113809844863275,0.47383339880770503
0.1619718309859155,0.14545454545454548,0.12523225566703827,0.30337078651685395,0.1945720250521921,0.4146341463414634,0.0,1.0,0.03809472182789616,0.07573349480772576
0.5440140845070423,0.6181818181818182,0.6688963210702341,0.6853932584269662,0.40083507306889354,0.8048780487804879,0.0,0.0,0.3964439505486873,0.25025018250381514
0.27816901408450706,0.3909090909090909,0.36380527684875513,0.39325842696629215,0.3640918580375783,0.4146341463414634,0.0,1.0,0.1300621021212296,0.13035711970963768
0.11795774647887323,0.20909090909090908,0.16685247120029728,0.32584269662921345,0.1294363256784969,0.43902439024390244,1.0,0.0,0.03520870671965506,0.2913902109122203
0.8380281690140845,0.9272727272727271,0.8625046451133408,0.9887640449438202,0.9845511482254697,0.7317073170731709,0.0,0.0,0.743522417860656,0.07457199510497134
0.1091549295774648,0.26363636363636367,0.2898550724637681,0.1797752808988764,0.1164926931106472,0.09756097560975613,0.0,1.0,0.0502836324376579,0.4312851402760627
0.12323943661971833,0.20909090909090908,0.24489037532515795,0.12359550561797752,0.13820459290187892,0.17073170731707316,0.0,0.0,0.048338917893971274,0.26701677641570876
0.07922535211267605,0.009090909090909094,0.02861389817911557,0.056179775280898875,0.03465553235908143,0.4634146341463415,0.0,0.0,0.010125051243567025,0.16049584046799178
0.6971830985915493,0.5,0.6194723151244891,0.7640449438202246,0.4860125260960334,0.853658536585366,1.0,0.0,0.46771401176992744,0.11108746058465838
0.31690140845070425,0.36363636363636365,0.4875510962467484,0.48314606741573035,0.2409185803757829,0.902439024390244,1.0,1.0,0.18546275058527778,0.25120952522560647
0.06338028169014084,0.018181818181818174,0.10516536603493125,0.02247191011235955,0.0676409185803758,0.43902439024390244,0.0,0.0,0.015876188766054906,0.07314136452184503
0.3257042253521127,0.3090909090909091,0.41062801932367154,0.34831460674157305,0.3711899791231733,0.7073170731707319,0.0,0.0,0.16488909367493454,0.06729002151373928
0.9841549295774648,0.9818181818181818,0.8647342995169083,0.8539325842696628,0.9924843423799584,0.6097560975609757,1.0,0.0,0.8684511286007429,0.0876258365583035
0.30105633802816906,0.3545454545454546,0.49461166852471206,0.34831460674157305,0.3632567849686848,0.34146341463414637,1.0,0.0,0.17941685667724855,0.10514536067043703
0.42957746478873243,0.31818181818181823,0.3916759568933482,0.49438202247191004,0.3202505219206681,0.853658536585366,0.0,0.0,0.20387316666610203,0.11374684036554536
0.06690140845070423,0.054545454545454564,0.054998141954663696,0.0449438202247191,0.0037578288100208815,0.2926829268292683,0.0,1.0,0.011353202849989327,0.6882586594816811
0.23943661971830987,0.1636363636363636,0.3013749535488666,0.20224719101123595,0.10772442588726516,0.17073170731707316,0.0,0.0,0.09840120070877052,0.27663343608260793
0.08450704225352114,0.07272727272727272,0.01151988108509848,0.07865168539325842,0.015031315240083512,0.8048780487804879,1.0,0.0,0.008741051433295276,0.6040311829867235
0.17077464788732394,0.24545454545454545,0.3162393162393162,0.28089887640449435,0.088517745302714,0.4634146341463415,1.0,1.0,0.07675919306769119,0.5281544648451123
0.9630281690140845,0.6818181818181818,0.9186176142697883,0.8876404494382022,0.872651356993737,0.26829268292682934,1.0,1.0,0.8978798997602423,0.03201762913993128
0.346830985915493,0.3727272727272727,0.5202526941657376,0.5280898876404494,0.25553235908141964,0.07317073170731708,0.0,0.0,0.2122358909378787,0.23733583158043584
0.4595070422535212,0.28181818181818175,0.4355258268301747,0.40449438202247184,0.302713987473904,0.34146341463414637,1.0,0.0,0.23627942905349322,0.09983223761766138
0.6584507042253521,0.509090909090909,0.6982534373838721,0.752808988764045,0.511482254697286,0.0,0.0,0.0,0.491616383034229,0.10097887173816791
0.2834507042253521,0.4545454545454545,0.5425492382014121,0.39325842696629215,0.33486430062630484,0.878048780487805,0.0,0.0,0.18410867814748436,0.20562412247296383
0.06866197183098592,0.06363636363636363,0.08063916759568936,0.0,0.027139874739039664,0.8048780487804879,1.0,1.0,0.014295684698755586,0.4255877151560604
0.40492957746478875,0.42727272727272725,0.5287997027127462,0.5168539325842696,0.3415448851774531,0.43902439024390244,1.0,0.0,0.2473277115046467,0.17782875557112196
0.9049295774647887,0.7454545454545454,0.9788182831661093,0.8202247191011236,0.9661795407098123,0.7073170731707319,1.0,1.0,0.8959521252387133,0.027630133981130955
0.9876760563380282,0.9818181818181818,0.9851356373095504,0.9213483146067414,0.7519832985386222,0.8292682926829269,0.0,0.0,0.9795449232447597,0.17836800284959406
0.029929577464788734,0.009090909090909094,0.08547008547008549,0.0898876404494382,0.008350730688935284,0.43902439024390244,0.0,0.0,0.00819332405020119,0.3514541036913382
0.10035211267605633,0.04545454545454544,0.10850984764028244,0.10112359550561797,0.04008350730688936,0.43902439024390244,1.0,0.0,0.02325526241788324,0.26285618252647636
0.24295774647887325,0.2727272727272727,0.20958751393534003,0.1348314606741573,0.2,0.7804878048780488,1.0,0.0,0.0762267117045389,0.22094422539427358
0.7623239436619718,0.5363636363636364,0.6722408026755853,0.7078651685393258,0.5682672233820459,0.878048780487805,0.0,0.0,0.5459763494703985,0.08479215741274945
0.778169014084507,0.5272727272727272,0.738015607580825,0.5730337078651686,0.5235908141962422,0.8292682926829269,0.0,0.0,0.6038790392071167,0.1035745404353686
0.27816901408450706,0.32727272727272727,0.5444072835377183,0.41573033707865165,0.23006263048016706,0.39024390243902446,0.0,1.0,0.18165463360426076,0.2310803972740478
0.5193661971830985,0.4545454545454545,0.7216648086213304,0.6741573033707864,0.49853862212943634,0.2926829268292683,1.0,1.0,0.4058863188993051,0.07930414508960462
0.994718309859155,0.9363636363636364,0.990709773318469,0.8764044943820224,0.945302713987474,0.2926829268292683,0.0,0.0,0.9912544312274628,0.08862888108996927
0.7306338028169014,0.5909090909090909,0.6335934596804162,0.7640449438202246,0.4229645093945721,0.12195121951219517,0.0,1.0,0.49838730989060137,0.2113353780794022
0.24295774647887325,0.22727272727272727,0.2798216276477146,0.21348314606741575,0.08810020876826724,0.878048780487805,0.0,0.0,0.09415603115608875,0.4903591673055082
0.9295774647887324,0.6727272727272727,0.7971014492753623,0.9775280898876404,0.622964509394572,0.09756097560975613,1.0,0.0,0.7650859367324053,0.11967546356035566
0.03345070422535211,0.027272727272727282,0.0891861761426979,0.06741573033707865,0.0279749478079332,0.878048780487805,1.0,0.0,0.009070817197962227,0.2697510036485915
0.2764084507042254,0.30000000000000004,0.3957636566332219,0.5393258426966292,0.369937369519833,0.3170731707317073,1.0,1.0,0.138419744386359,0.06176398481684689
0.6126760563380281,0.5636363636363636,0.5785953177257526,0.5730337078651686,0.5077244258872652,0.9756097560975612,0.0,0.0,0.3908672952544222,0.13179340755823918
0.051056338028169015,0.07272727272727272,0.07246376811594203,0.0,0.044258872651356994,0.43902439024390244,1.0,0.0,0.010632122573482993,0.3306096361757095
0.2200704225352113,0.1727272727272727,0.30286138981791155,0.1348314606741573,0.09185803757828812,0.024390243902439046,1.0,1.0,0.0918380714575308,0.35367559019473394
0.9753521126760563,0.7636363636363637,0.9156447417316983,0.8314606741573034,0.8555323590814197,0.34146341463414637,0.0,0.0,0.9062064853180829,0.06303764383248753
0.375,0.36363636363636365,0.3455964325529543,0.41573033707865165,0.3235908141962422,0.6097560975609757,0.0,0.0,0.16312224936390218,0.14667613320536085
0.2975352112676057,0.4545454545454545,0.5221107395020439,0.5280898876404494,0.32526096033402924,0.902439024390244,0.0,0.0,0.18588794514143225,0.21652308599893386
0.9612676056338028,0.7727272727272727,0.8680787811222594,0.9887640449438202,0.909812108559499,0.48780487804878053,1.0,0.0,0.8520797265202823,0.05011329780716725
0.17957746478873238,0.2545454545454545,0.12411742846525457,0.20224719101123595,0.17828810020876829,0.853658536585366,0.0,1.0,0.04147933825497444,0.23966483111318185
0.12147887323943664,0.09090909090909091,0.23708658491267187,0.28089887640449435,0.19290187891440502,0.3170731707317073,0.0,0.0,0.04662232898200631,0.010826641246199392
0.7799295774647887,0.49090909090909096,0.7469342251950948,0.7191011235955056,0.5419624217118998,0.5365853658536586,0.0,0.0,0.611581102614749,0.07565441367607342
0.29401408450704225,0.32727272727272727,0.5046451133407656,0.550561797752809,0.3645093945720251,0.17073170731707316,0.0,0.0,0.1787319151146783,0.0847921574127494
0.44894366197183105,0.3727272727272727,0.3433667781493868,0.5280898876404494,0.23549060542797495,0.04878048780487804,1.0,1.0,0.19137481831826236,0.26969540701164096
0.5316901408450704,0.5818181818181818,0.6863619472315124,0.651685393258427,0.5089770354906055,0.04878048780487804,1.0,1.0,0.3969465045393613,0.14054971829871424
0.12147887323943664,0.12727272727272726,0.14381270903010035,0.29213483146067415,0.09018789144050107,0.26829268292682934,1.0,0.0,0.03259090862890849,0.2619624202358015
0.3996478873239437,0.4545454545454545,0.5250836120401338,0.43820224719101125,0.339874739039666,0.5365853658536586,1.0,0.0,0.24295436245097274,0.20015474548947007
0.5193661971830985,0.5545454545454545,0.7309550353028614,0.6067415730337078,0.3970772442588727,0.9268292682926831,0.0,1.0,0.41047424156697465,0.2123322317580573
0.11795774647887323,0.1090909090909091,0.2969156447417317,0.3146067415730337,0.1139874739039666,0.853658536585366,0.0,0.0,0.05437916512794799,0.15652963540610873
0.03169014084507042,0.09090909090909091,0.10107766629505761,0.0898876404494382,0.010438413361169109,0.14634146341463422,1.0,0.0,0.00963209659878235,0.772688605872059
0.35035211267605637,0.42727272727272725,0.3727238944630249,0.37078651685393255,0.36868475991649274,0.12195121951219517,1.0,0.0,0.16282241097171354,0.15210851986137638
0.6936619718309859,0.5909090909090909,0.6291341508732813,0.7303370786516854,0.4701461377870564,0.43902439024390244,0.0,0.0,0.47171524500354045,0.17238184031096324
0.09330985915492958,0.018181818181818174,0.09030100334448161,0.056179775280898875,0.07599164926931107,0.6341463414634148,0.0,0.0,0.019617110325846975,0.05310846628529323
0.2517605633802817,0.13636363636363638,0.1397250092902267,0.21348314606741575,0.08308977035490606,0.2926829268292683,1.0,0.0,0.06030647888087439,0.30953536794691683
0.10387323943661973,0.027272727272727282,0.004459308807134896,0.06741573033707865,0.041336116910229655,0.9756097560975612,1.0,0.0,0.009854575556451495,0.1933821420252078
0.7799295774647887,0.49090909090909096,0.6714975845410628,0.7752808988764044,0.5002087682672234,0.12195121951219517,1.0,0.0,0.5573623030298924,0.09778983635286756
0.875,0.8181818181818182,0.7907840951319213,0.8089887640449438,0.6826722338204594,0.21951219512195125,1.0,1.0,0.7171931060885829,0.15039423690730494
0.0897887323943662,0.03636363636363635,0.09513192121887774,0.06741573033707865,0.08141962421711901,0.1951219512195122,1.0,0.0,0.01959621763185266,0.08383846160872857
0.6866197183098591,0.5,0.6729840208101078,0.6179775280898876,0.5060542797494781,0.4146341463414634,0.0,0.0,0.4951941157139033,0.09928220202586255
0.24647887323943662,0.15454545454545457,0.1869193608324043,0.1797752808988764,0.10104384133611694,0.853658536585366,1.0,1.0,0.0713491146579753,0.2810371209495388
0.30105633802816906,0.2727272727272727,0.5533259011519881,0.44943820224719105,0.33903966597077245,0.0,0.0,0.0,0.1973495641332299,0.06326175214015758
0.823943661971831,0.8818181818181817,0.9052396878483836,0.943820224719101,0.7903966597077244,0.5853658536585367,0.0,0.0,0.7640119393276167,0.12561794793164002
0.2130281690140845,0.12727272727272726,0.26049795615013005,0.16853932584269665,0.12108559498956159,0.5121951219512195,0.0,0.0,0.07959495277686489,0.17265593343357086
0.42957746478873243,0.4545454545454545,0.44109996283909325,0.5168539325842696,0.23549060542797495,0.9512195121951221,1.0,0.0,0.22445077624828202,0.35475826154587486
0.9278169014084506,0.8545454545454546,0.9654403567447046,0.9775280898876404,0.6292275574112736,0.09756097560975613,0.0,0.0,0.9061816399522518,0.19489410318312408
0.9507042253521127,0.7272727272727273,0.8587885544407283,0.9887640449438202,1.0,0.7560975609756098,1.0,0.0,0.8350956603051237,0.014801964067851614
0.9401408450704225,0.9727272727272726,0.9149015235971757,0.797752808988764,0.848016701461378,0.4634146341463415,1.0,0.0,0.8743321396264387,0.13330518492574409
1.0,0.9272727272727271,0.9565217391304347,0.8426966292134832,0.9916492693110647,0.9756097560975612,1.0,0.0,0.9652164878364995,0.07260375849572284
0.30105633802816906,0.36363636363636365,0.4384986993682646,0.550561797752809,0.25344467640918583,0.14634146341463422,0.0,0.0,0.16227863626045624,0.2316234564689322
0.7059859154929577,0.49090909090909096,0.7075436640654033,0.6292134831460674,0.45845511482254697,0.12195121951219517,1.0,1.0,0.5309522438188683,0.12361142433803704
0.11619718309859155,0.21818181818181817,0.33296172426607207,0.32584269662921345,0.12484342379958249,0.7317073170731709,1.0,0.0,0.05901564919246915,0.3208553770134356
0.19190140845070425,0.14545454545454548,0.13229282794500186,0.25842696629213485,0.10688935281837161,0.9756097560975612,1.0,1.0,0.0457199904684142,0.24423710297740878
0.903169014084507,0.9454545454545454,0.986250464511334,0.8089887640449438,0.6680584551148226,0.3170731707317073,0.0,0.0,0.9004265497579271,0.20967356504728132
0.8468309859154929,0.890909090909091,0.8275733927907841,0.9101123595505618,0.954070981210856,0.07317073170731708,0.0,0.0,0.7238047967366742,0.07278273537627863
0.2869718309859155,0.42727272727272725,0.4344109996283909,0.46067415730337075,0.3632567849686848,0.3170731707317073,1.0,0.0,0.15438515060244368,0.15697765389810317
0.9683098591549295,0.8545454545454546,0.8153102935711631,0.797752808988764,0.9766179540709813,0.4634146341463415,1.0,0.0,0.8115320894839732,0.05615195737692333
0.9894366197183098,0.7636363636363637,0.9531772575250835,0.9550561797752808,0.6676409185803758,0.21951219512195125,1.0,0.0,0.9524640391562965,0.1358427470238374
0.06338028169014084,0.06363636363636363,0.027127461910070608,0.06741573033707865,0.04759916492693111,0.5121951219512195,0.0,0.0,0.008049898529267276,0.28154235859039756
0.029929577464788734,0.018181818181818174,0.05016722408026757,0.0898876404494382,0.05511482254697287,0.902439024390244,0.0,0.0,0.005672084085752651,0.10958419003727435
0.6179577464788732,0.5909090909090909,0.7112597547380156,0.6292134831460674,0.49645093945720253,0.4634146341463415,1.0,1.0,0.47082081183362184,0.15362279668358023
0.07922535211267605,0.0,0.04942400594574507,0.033707865168539325,0.05052192066805846,0.6097560975609757,0.0,1.0,0.012496654345623885,0.06910571928557538
0.47711267605633806,0.4727272727272728,0.6506874767744333,0.7303370786516854,0.5014613778705637,0.6585365853658538,0.0,0.0,0.34301229732675154,0.08740750725567778
0.35211267605633806,0.3090909090909091,0.48494983277591974,0.47191011235955055,0.32400835073068895,0.878048780487805,0.0,0.0,0.20278109990434534,0.10323629298756362
0.24647887323943662,0.13636363636363638,0.16276477146042362,0.12359550561797752,0.1816283924843424,0.17073170731707316,1.0,1.0,0.06510953982994476,0.08061413824832828
0.08098591549295776,0.027272727272727282,0.06986250464511336,0.0449438202247191,0.022546972860125268,0.3170731707317073,1.0,0.0,0.015102594420860168,0.30966832662291577
0.35211267605633806,0.32727272727272727,0.3801560758082497,0.5056179775280898,0.31022964509394574,0.878048780487805,1.0,0.0,0.16615677199972445,0.1304488324234229
0.9982394366197183,0.8454545454545456,0.8978075065031587,0.898876404494382,0.7352818371607516,0.1951219512195122,1.0,1.0,0.9103296867112303,0.13602158523731997
0.16725352112676056,0.13636363636363638,0.1397250092902267,0.2696629213483146,0.15156576200417538,0.3170731707317073,0.0,0.0,0.04192994284436524,0.12587549725907707
0.15669014084507044,0.1636363636363636,0.1757710888145671,0.23595505617977525,0.08810020876826724,0.7804878048780488,1.0,0.0,0.0461508316986212,0.34982184677460293
0.019366197183098594,0.009090909090909094,0.10628019323671499,0.0,0.06012526096033404,0.09756097560975613,0.0,0.0,0.007687382055095728,0.06842207599496505
0.7535211267605634,0.509090909090909,0.7105165366034931,0.6404494382022472,0.4430062630480167,0.3170731707317073,1.0,0.0,0.566653905183308,0.14512168476419754
0.07746478873239436,0.054545454545454564,0.10590858416945374,0.056179775280898875,0.0722338204592902,0.21951219512195125,1.0,1.0,0.01860240299860979,0.15312779153880182
0.3485915492957747,0.34545454545454546,0.4968413229282794,0.41573033707865165,0.2897703549060543,0.5853658536585367,1.0,0.0,0.20508607225258252,0.16734248668751248
0.24295774647887325,0.20000000000000004,0.15384615384615385,0.3146067415730337,0.1302713987473904,0.6097560975609757,0.0,1.0,0.06199709309219776,0.27377204716200987
0.0528169014084507,0.04545454545454544,0.1081382385730212,0.0449438202247191,0.07473903966597079,0.4146341463414634,1.0,0.0,0.014165246528142458,0.12299717442836985
0.3485915492957747,0.3090909090909091,0.5321441843180974,0.40449438202247184,0.29311064718162844,0.9512195121951221,1.0,1.0,0.2173167682503329,0.13224463571664072
0.7588028169014084,0.5909090909090909,0.6313638052768488,0.6629213483146068,0.5102296450939457,0.39024390243902446,1.0,0.0,0.5149580395651158,0.14450856448956076
0.5404929577464789,0.4636363636363636,0.5942028985507246,0.7415730337078652,0.5248434237995825,0.9756097560975612,0.0,0.0,0.3558212127474796,0.07043011060150287
0.21654929577464793,0.1636363636363636,0.23522853957636564,0.16853932584269665,0.19874739039665973,0.4634146341463415,1.0,0.0,0.07485287590756168,0.09253417879056228
0.9982394366197183,0.8545454545454546,0.9966555183946489,0.9101123595505618,0.6104384133611691,0.39024390243902446,1.0,0.0,1.0,0.2066033487000228
0.3362676056338028,0.3090909090909091,0.38610182088442957,0.40449438202247184,0.3173277661795407,0.04878048780487804,0.0,0.0,0.1614197771370685,0.10908683719774362
0.028169014084507046,0.054545454545454564,0.05128205128205128,0.0,0.06805845511482256,0.3170731707317073,0.0,1.0,0.005503248531582412,0.16686670984285526
0.7764084507042254,0.6272727272727273,0.6889632107023411,0.7415730337078652,0.5102296450939457,0.878048780487805,1.0,0.0,0.5674805782645964,0.16353981781428503
0.9911971830985915,0.9181818181818181,0.8807134894091416,0.8089887640449438,0.9002087682672234,0.39024390243902446,1.0,0.0,0.8887876252008805,0.0974359093537058
0.8873239436619718,0.890909090909091,0.9301374953548868,0.898876404494382,0.5995824634655533,0.4634146341463415,0.0,0.0,0.8398727465535526,0.2300657340415008
0.08626760563380283,0.08181818181818182,0.0650315867707172,0.033707865168539325,0.024634655532359086,0.14634146341463422,0.0,0.0,0.015352742081386641,0.527042630160136
0.5,0.5818181818181818,0.6815310293571163,0.6067415730337078,0.5319415448851775,0.7073170731707319,1.0,0.0,0.3727990676211804,0.12645513336725075
0.07922535211267605,0.018181818181818174,0.039762170196952815,0.033707865168539325,0.07473903966597079,0.0,0.0,1.0,0.0113955529053832,0.05593225247289227
0.06338028169014084,0.027272727272727282,0.024897807506503153,0.0449438202247191,0.03883089770354906,0.34146341463414637,0.0,0.0,0.00782629023678763,0.2058018229652351
0.8996478873239436,0.7727272727272727,0.7885544407283538,0.9887640449438202,0.6045929018789145,0.34146341463414637,0.0,0.0,0.7345701808177966,0.17380393348554987
0.8644366197183099,0.7272727272727273,0.966183574879227,0.9775280898876404,0.6676409185803758,0.4634146341463415,0.0,1.0,0.8478187462802536,0.12102699458243929
0.1091549295774648,0.13636363636363638,0.1441843180973616,0.23595505617977525,0.19248434237995826,0.21951219512195125,0.0,0.0,0.029919467134663015,0.06710973946547191
0.9225352112676056,0.8454545454545456,0.9193608324043107,0.8202247191011236,0.6279749478079333,0.39024390243902446,1.0,0.0,0.8624786414553964,0.1917314161587194
0.13204225352112675,0.21818181818181817,0.18431809736157562,0.12359550561797752,0.15240083507306892,0.39024390243902446,1.0,0.0,0.04138786213532367,0.24566292911616652
0.37852112676056343,0.44545454545454544,0.34968413229282796,0.47191011235955055,0.32693110647181634,0.26829268292682934,0.0,0.0,0.16603536850759534,0.20747172623684954
0.2904929577464789,0.42727272727272725,0.4254923820141211,0.42696629213483145,0.2409185803757829,0.2926829268292683,0.0,0.0,0.15340375865211633,0.3161046997060539
0.08450704225352114,0.054545454545454564,0.06243032329988853,0.0898876404494382,0.053444676409185814,0.7560975609756098,1.0,0.0,0.01477508732581422,0.22432036820526027
0.19366197183098594,0.13636363636363638,0.19435154217762912,0.23595505617977525,0.10229645093945722,1.0,0.0,0.0,0.05929346555585296,0.24055350314343119
0.30281690140845074,0.3545454545454546,0.46339650687476774,0.37078651685393255,0.35991649269311066,0.21951219512195125,1.0,0.0,0.17075768201771474,0.10777725949754133
0.647887323943662,0.4727272727272728,0.5756224451876626,0.752808988764045,0.4501043841336117,0.12195121951219517,0.0,0.0,0.4100637283633567,0.11862460966073926
0.9577464788732395,0.6818181818181818,0.9208472686733556,0.8651685393258426,0.7127348643006264,0.39024390243902446,1.0,0.0,0.8951254521574248,0.08372158477488575
0.05633802816901409,0.03636363636363635,0.0891861761426979,0.0898876404494382,0.06847599164926932,0.6829268292682928,0.0,0.0,0.013049463735365233,0.11822476425176284
0.15140845070422537,0.09090909090909091,0.32292827945001856,0.1348314606741573,0.1966597077244259,0.3658536585365854,1.0,0.0,0.07077654190905015,0.007327709731640236
0.7535211267605634,0.4545454545454545,0.5845410628019324,0.595505617977528,0.4050104384133612,0.3170731707317073,1.0,0.0,0.478982514509129,0.14018529515321268
0.03521126760563381,0.09090909090909091,0.02229654403567448,0.07865168539325842,0.03340292275574113,0.39024390243902446,1.0,0.0,0.0042948602843439175,0.4766455333739211
0.3433098591549296,0.32727272727272727,0.3448532144184318,0.47191011235955055,0.35574112734864305,0.04878048780487804,1.0,0.0,0.15034608465267874,0.09132567725358412
0.03521126760563381,0.04545454545454544,0.03158677071720552,0.02247191011235955,0.018371607515657626,1.0,0.0,0.0,0.00500069454090846,0.4309483466729097
0.6936619718309859,0.509090909090909,0.6150130063173541,0.7303370786516854,0.5006263048016701,0.5853658536585367,0.0,1.0,0.46261732377012615,0.1072353724941332
0.8661971830985915,0.9181818181818181,0.9360832404310665,0.8539325842696628,0.746972860125261,0.5853658536585367,0.0,0.0,0.8255821438614442,0.15752213953652802
0.06690140845070423,0.04545454545454544,0.023039762170196973,0.0,0.0,0.3170731707317073,1.0,0.0,0.008051027864077779,0.7057457681191703
0.1830985915492958,0.2727272727272727,0.1750278706800446,0.28089887640449435,0.14488517745302715,0.2439024390243903,1.0,0.0,0.05256375942006399,0.34803724587897245
0.9612676056338028,0.9636363636363635,0.9293942772203642,0.8089887640449438,0.6058455114822547,0.6097560975609757,1.0,0.0,0.9057457167153975,0.2582490826706265
0.48591549295774655,0.4636363636363636,0.7302118171683389,0.6741573033707864,0.5624217118997913,0.6829268292682928,0.0,1.0,0.3857852886071575,0.05287964223216021
0.8996478873239436,0.6636363636363637,0.9524340393905611,0.8876404494382022,0.7173277661795407,0.5853658536585367,1.0,1.0,0.8692890950301364,0.07500947903683378
0.6954225352112676,0.4545454545454545,0.6042363433667781,0.696629213483146,0.4375782881002088,0.853658536585366,1.0,0.0,0.45676285211247725,0.11629650889850027
0.42605633802816906,0.36363636363636365,0.5027870680044593,0.39325842696629215,0.24384133611691028,0.024390243902439046,1.0,0.0,0.24826505939736435,0.24648644120228422
0.9753521126760563,0.8181818181818182,0.832032701597919,1.0,0.955741127348643,0.7560975609756098,1.0,0.0,0.8320091882680183,0.051222007118159746
0.8151408450704225,0.6818181818181818,0.9502043849869938,1.0,0.9803757828810021,0.7073170731707319,0.0,0.0,0.7899657472751975,0.00629709603583134
0.9383802816901409,0.6727272727272727,0.9464882943143812,0.8426966292134832,0.5870563674321504,0.17073170731707316,0.0,0.0,0.8997935575966401,0.13859676860091638
0.5299295774647887,0.5818181818181818,0.6789297658862876,0.6292134831460674,0.5665970772442589,0.853658536585366,0.0,1.0,0.3919949360627097,0.10719557637858615
0.15669014084507044,0.24545454545454545,0.11371237458193982,0.29213483146067415,0.14989561586638833,0.8292682926829269,0.0,0.0,0.0349291963540555,0.29254658751061624
0.015845070422535218,0.06363636363636363,0.08472686733556299,0.011235955056179775,0.06931106471816284,0.1951219512195122,1.0,0.0,0.005746055515840615,0.186073104743373
0.05985915492957747,0.018181818181818174,0.10702341137123746,0.033707865168539325,0.022129436325678507,0.2926829268292683,0.0,1.0,0.01539622147159102,0.2726035387905891
0.8362676056338028,0.6909090909090909,0.9253065774804906,0.8089887640449438,0.67098121085595,0.3170731707317073,0.0,0.0,0.7902328349578815,0.10472100271418708
0.3732394366197183,0.4,0.3734671125975474,0.42696629213483145,0.22546972860125264,0.2439024390243903,0.0,0.0,0.1726752925259493,0.3170995379729169
0.4823943661971832,0.5,0.770345596432553,0.7752808988764044,0.5807933194154489,0.8048780487804879,0.0,0.0,0.4017642468409682,0.06194744627612794
0.5633802816901409,0.5,0.7662578966926793,0.7303370786516854,0.5774530271398748,0.04878048780487804,0.0,0.0,0.4612801913544902,0.06342402706549607
0.17957746478873238,0.1727272727272727,0.2794500185804534,0.24719101123595505,0.19248434237995826,0.04878048780487804,0.0,0.0,0.07263542700713853,0.11181968743579027
0.2570422535211268,0.23636363636363636,0.3311036789297659,0.2247191011235955,0.14864300626304802,0.5365853658536586,1.0,0.0,0.11263646599516419,0.2821119892639148
0.198943661971831,0.23636363636363636,0.25492382014121145,0.1797752808988764,0.16784968684759918,0.6585365853658538,1.0,1.0,0.07385284993286105,0.237073942665509
0.13556338028169013,0.13636363636363638,0.3247863247863248,0.15730337078651685,0.1849686847599165,0.26829268292682934,1.0,0.0,0.06512760918691282,0.07632195401979572
0.18661971830985918,0.20000000000000004,0.19175027870680045,0.25842696629213485,0.12609603340292277,0.5853658536585367,0.0,0.0,0.056892499748723006,0.28577450352030687
0.8573943661971831,0.9636363636363635,0.927536231884058,0.898876404494382,0.865553235908142,0.04878048780487804,0.0,1.0,0.8109030499945228,0.12373686106758472
0.0721830985915493,0.08181818181818182,0.09996283909327387,0.0,0.006263048016701467,0.6097560975609757,1.0,0.0,0.016966561525595808,0.8027399427228714
0.1830985915492958,0.1090909090909091,0.2285395763656633,0.14606741573033705,0.13402922755741128,0.12195121951219517,0.0,1.0,0.06345958167179949,0.11477223116967925
0.5369718309859155,0.6090909090909091,0.6447417316982534,0.651685393258427,0.37787056367432154,0.0,0.0,0.0,0.3794005942559773,0.26923596258128624
0.061619718309859156,0.07272727272727272,0.06651802303976219,0.0898876404494382,0.011691022964509398,0.5609756097560976,0.0,0.0,0.011728706674481662,0.6538851444118069
0.9454225352112676,0.8636363636363636,0.9345968041620215,0.8876404494382022,0.8734864300626305,0.8292682926829269,0.0,1.0,0.8959831819460021,0.08923556223666021
0.0721830985915493,0.03636363636363635,0.0765514678558157,0.056179775280898875,0.06805845511482256,0.3658536585365854,1.0,0.0,0.014440804221905254,0.11946744169387105
0.25,0.1636363636363636,0.2723894463024898,0.1348314606741573,0.18663883089770356,0.5609756097560976,0.0,1.0,0.09459647173218502,0.10860870026337646
0.2764084507042254,0.40909090909090906,0.5395763656633222,0.5056179775280898,0.25427974947807935,0.7804878048780488,1.0,0.0,0.17928415983701443,0.27464678727713243
0.4876760563380282,0.4636363636363636,0.6700111482720178,0.7415730337078652,0.421294363256785,0.17073170731707316,1.0,0.0,0.3589822208820782,0.13349114602931686
0.4084507042253521,0.4181818181818181,0.44109996283909325,0.550561797752809,0.21962421711899793,0.878048780487805,1.0,0.0,0.21436129905124585,0.34892812772512183
0.05985915492957747,0.018181818181818174,0.10776662950575995,0.10112359550561797,0.04843423799582464,0.17073170731707316,0.0,1.0,0.015468498899463229,0.1331028475997432
0.5070422535211268,0.509090909090909,0.6514306949089558,0.6404494382022472,0.4805845511482255,0.6097560975609757,0.0,1.0,0.3630788829071789,0.11946744169387105
0.0528169014084507,0.027272727272727282,0.059457450761798605,0.056179775280898875,0.08100208768267225,0.5365853658536586,0.0,0.0,0.009726960722864627,0.06360971828597725
0.17957746478873238,0.2545454545454545,0.1289483463396507,0.16853932584269665,0.11106471816283928,0.5609756097560976,0.0,0.0,0.04244830752238624,0.4368755490004831
0.09859154929577464,0.06363636363636363,0.05091044221479006,0.10112359550561797,0.014196242171189984,0.878048780487805,0.0,0.0,0.015392833467159509,0.5699334791389614
0.7411971830985915,0.4636363636363636,0.6711259754738016,0.7415730337078652,0.5561586638830898,0.17073170731707316,1.0,0.0,0.5309081997612587,0.05565184164938505
0.2746478873239437,0.4,0.4923820141211446,0.5393258426966292,0.28726513569937373,0.3170731707317073,1.0,0.0,0.16495515976134897,0.2180411409417585
0.4014084507042254,0.2909090909090909,0.3764399851356373,0.38202247191011235,0.2755741127348643,1.0,1.0,1.0,0.18564909082901082,0.134687390182077
0.06338028169014084,0.009090909090909094,0.07543664065403195,0.07865168539325842,0.04843423799582464,0.3658536585365854,0.0,0.0,0.012894744866326283,0.10431699068734648
0.9419014084507042,0.8727272727272727,0.8075065031586771,1.0,0.626722338204593,0.8048780487804879,1.0,0.0,0.7836911630680414,0.20427785290807585
0.6795774647887324,0.4636363636363636,0.7346711259754738,0.6853932584269662,0.4150313152400835,0.7073170731707319,0.0,0.0,0.5294152191417734,0.13821975015026042
0.772887323943662,0.4545454545454545,0.7387588257153475,0.6404494382022472,0.4108559498956159,0.39024390243902446,1.0,1.0,0.6005328201635955,0.13564511279163846
0.05633802816901409,0.06363636363636363,0.04793756967670011,0.033707865168539325,0.05093945720250522,0.6341463414634148,0.0,0.0,0.009163422652423496,0.2639825436947738
0.4084507042253521,0.28181818181818175,0.36603493125232256,0.47191011235955055,0.3736951983298539,0.43902439024390244,0.0,1.0,0.18447684129570843,0.046658746230551634
0.0035211267605633825,0.09090909090909091,0.06205871423262728,0.0898876404494382,0.015448851774530273,0.09756097560975613,0.0,1.0,0.0025489086673058693,0.688258659481681
0.8556338028169014,0.7,0.9494611668524712,0.8202247191011236,0.8713987473903967,0.853658536585366,1.0,0.0,0.8265138450801094,0.03810951978883384
0.806338028169014,0.6909090909090909,0.7971014492753623,0.8314606741573034,0.9361169102296452,0.024390243902439046,0.0,0.0,0.6683640568868531,0.01886780093587781
0.9436619718309859,0.6909090909090909,0.852099591230026,0.8876404494382022,0.6492693110647182,0.8048780487804879,1.0,0.0,0.82344092506073,0.1146646207957834
0.7588028169014084,0.4818181818181818,0.6265328874024526,0.5842696629213482,0.37661795407098125,0.07317073170731708,0.0,1.0,0.5115739878054428,0.18285511969609466
0.2535211267605634,0.1727272727272727,0.3325901151988109,0.14606741573033705,0.1014613778705637,0.04878048780487804,1.0,0.0,0.11168217808028894,0.31605111161812616
0.07570422535211267,0.027272727272727282,0.08769973987365291,0.10112359550561797,0.030480167014613778,0.2926829268292683,1.0,0.0,0.01625112792314199,0.2533165114100365
0.6549295774647887,0.6181818181818182,0.6361947231512449,0.7752808988764044,0.41169102296450943,0.39024390243902446,1.0,1.0,0.45124492222835827,0.2392060887809743
0.9172535211267605,0.6818181818181818,0.9754738015607581,0.9213483146067414,0.7511482254697287,0.8048780487804879,0.0,1.0,0.904756984088802,0.06940165320212069
0.04753521126760564,0.027272727272727282,0.06949089557785211,0.06741573033707865,0.012108559498956159,0.4634146341463415,0.0,0.0,0.009813354835868123,0.4085311603297215
0.8679577464788732,0.8636363636363636,0.8019323671497585,1.0,0.7035490605427975,0.09756097560975613,0.0,0.0,0.7205641704979351,0.15787993584816526
0.07922535211267605,0.054545454545454564,0.008547008547008558,0.02247191011235955,0.05135699373695198,0.6585365853658538,0.0,0.0,0.007838148252297913,0.2339807178414169
0.3274647887323944,0.44545454545454544,0.5525826830174656,0.49438202247191004,0.36951983298538627,0.902439024390244,0.0,0.0,0.21227541765624633,0.16413213668041385
0.0017605633802816947,0.009090909090909094,0.10516536603493125,0.011235955056179775,0.044258872651356994,0.7804878048780488,1.0,0.0,0.004314623643527726,0.11946744169387111
0.008802816901408453,0.04545454545454544,0.06131549609810481,0.0,0.02338204592901879,0.9756097560975612,0.0,0.0,0.0033038689881273037,0.3823992310486133
0.6707746478873239,0.5909090909090909,0.6937941285767373,0.696629213483146,0.40960334029227563,0.9756097560975612,0.0,0.0,0.49745222066750466,0.22384202939832235
0.5757042253521126,0.6181818181818182,0.7383872166480863,0.7191011235955056,0.47599164926931115,0.09756097560975613,1.0,0.0,0.45550533780098185,0.1832638822515947
0.4366197183098592,0.32727272727272727,0.4024526198439242,0.41573033707865165,0.30104384133611695,0.5365853658536586,1.0,0.0,0.21148827129332554,0.1396006259804541
0.4190140845070423,0.3363636363636364,0.38238573021181715,0.3595505617977528,0.3515657620041754,0.7073170731707319,1.0,0.0,0.19549576104178878,0.10120994581426238
0.20950704225352113,0.19090909090909094,0.3303604607952434,0.20224719101123595,0.19248434237995826,0.26829268292682934,0.0,0.0,0.09427969331783885,0.1341746614209495
0.0,0.08181818181818182,0.10107766629505761,0.10112359550561797,0.07724425887265138,0.6585365853658538,0.0,0.0,0.0037979529677224805,0.20356822649988113
0.3573943661971831,0.32727272727272727,0.4578223708658491,0.43820224719101125,0.2897703549060543,0.07317073170731708,1.0,0.0,0.19589893356913846,0.15152290660265708
0.6232394366197183,0.5454545454545454,0.6997398736529171,0.696629213483146,0.5319415448851775,1.0,0.0,0.0,0.46785291995161926,0.10814256208529024
0.06338028169014084,0.04545454545454544,0.09773318468970645,0.07865168539325842,0.07557411273486431,0.5853658536585367,1.0,1.0,0.015130827791122752,0.12063573351444459
0.295774647887324,0.2909090909090909,0.4050538833147529,0.37078651685393255,0.22463465553235912,0.21951219512195125,0.0,0.0,0.14970575181512338,0.2007338936372932
0.47183098591549294,0.32727272727272727,0.4544778892604979,0.550561797752809,0.29728601252609604,0.43902439024390244,1.0,0.0,0.25068748256589385,0.14348694813010474
0.19542253521126762,0.2545454545454545,0.14381270903010035,0.3146067415730337,0.1979123173277662,0.39024390243902446,0.0,0.0,0.04893125400208024,0.2028474367913042
0.8890845070422535,0.9818181818181818,0.9498327759197324,1.0,0.9503131524008351,0.7804878048780488,0.0,0.0,0.8574677829011934,0.10036029660985432
0.22535211267605637,0.21818181818181817,0.21962095875139354,0.29213483146067415,0.1632567849686848,0.34146341463414637,0.0,0.0,0.07374556312586324,0.2215581730916831
0.6179577464788732,0.509090909090909,0.6904496469713861,0.6629213483146068,0.562839248434238,0.04878048780487804,0.0,0.0,0.45877306807517304,0.07442017031037748
0.7816901408450704,0.49090909090909096,0.6714975845410628,0.651685393258427,0.40793319415448853,0.14634146341463422,0.0,0.0,0.5585531865875681,0.16124901880297562
0.9683098591549295,0.9545454545454545,0.9160163507989595,0.8314606741573034,0.9348643006263049,0.43902439024390244,1.0,0.0,0.9002865122414248,0.09722500117477048
0.10739436619718311,0.21818181818181817,0.28651059085841696,0.3146067415730337,0.1457202505219207,0.8292682926829269,0.0,0.0,0.04921019970027454,0.261874977415819
0.33098591549295775,0.2727272727272727,0.34150873281308064,0.41573033707865165,0.3006263048016702,0.17073170731707316,0.0,0.0,0.14437642084435848,0.09406880590565472
0.528169014084507,0.5636363636363636,0.7658862876254181,0.752808988764045,0.43048016701461383,0.07317073170731708,1.0,0.0,0.43439637619046007,0.18793305124240375
0.33978873239436624,0.31818181818181823,0.3749535488665923,0.5168539325842696,0.24759916492693113,0.3658536585365854,1.0,0.0,0.15915659017681996,0.19526540929418626
0.21478873239436624,0.24545454545454545,0.25678186547751763,0.24719101123595505,0.13653444676409188,0.0,0.0,0.0,0.0793030197283498,0.3301186078164495
0.03521126760563381,0.03636363636363635,0.05239687848383502,0.06741573033707865,0.06388308977035492,0.1951219512195122,1.0,0.0,0.0065817632756130316,0.13242817907835888
0.2693661971830986,0.28181818181818175,0.337421033073207,0.39325842696629215,0.265553235908142,0.024390243902439046,0.0,0.0,0.11910868379415841,0.1374265690033644
0.6602112676056338,0.5363636363636364,0.7670011148272018,0.5730337078651686,0.5561586638830898,0.8048780487804879,0.0,0.0,0.5351556279835614,0.0907966648622904
0.35211267605633806,0.2909090909090909,0.4477889260497956,0.46067415730337075,0.31983298538622135,0.17073170731707316,1.0,0.0,0.1897937495835578,0.09235876934629325
0.5598591549295774,0.509090909090909,0.7788926049795615,0.6292134831460674,0.5482254697286013,0.7560975609756098,1.0,0.0,0.46529158860139785,0.08150785830337101
0.5211267605633803,0.5636363636363636,0.7212931995540691,0.7078651685393258,0.5645093945720251,0.7804878048780488,0.0,0.0,0.40696935098257775,0.09962816038615194
0.7411971830985915,0.5,0.7714604236343366,0.6629213483146068,0.5173277661795408,0.6341463414634148,0.0,0.0,0.59966774969875,0.09301285760773906
0.5352112676056338,0.5272727272727272,0.6309921962095876,0.752808988764045,0.40793319415448853,0.5365853658536586,1.0,1.0,0.37127220695738,0.1845975471874752
0.7288732394366197,0.4545454545454545,0.5837978446674099,0.5730337078651686,0.41377870563674324,0.5121951219512195,1.0,1.0,0.46365857046541015,0.13341859740134168
0.829225352112676,0.9909090909090909,0.8918617614269789,0.8764044943820224,0.6830897703549061,0.7560975609756098,0.0,0.0,0.7584657760732352,0.2190631437159459
0.040492957746478875,0.03636363636363635,0.04942400594574507,0.07865168539325842,0.025052192066805846,0.39024390243902446,1.0,0.0,0.0070927872773657585,0.32912923516269044
0.40492957746478875,0.4545454545454545,0.3935340022296544,0.38202247191011235,0.3286012526096034,0.4634146341463415,1.0,0.0,0.19388758827163216,0.21266824985198599
0.897887323943662,0.6727272727272727,1.0000000000000002,0.9887640449438202,0.6004175365344468,0.7560975609756098,1.0,0.0,0.9067011339650832,0.1313095690380365
0.3098591549295775,0.38181818181818183,0.49424005945745075,0.41573033707865165,0.24718162839248436,0.2926829268292683,0.0,0.0,0.1839110445556463,0.25934643302274374
0.08626760563380283,0.0,0.0040876997398736625,0.0898876404494382,0.015448851774530273,0.5853658536585367,0.0,0.0,0.008036911178946489,0.23796561206633146
0.16725352112676056,0.15454545454545457,0.1441843180973616,0.20224719101123595,0.12150313152400838,0.21951219512195125,1.0,0.0,0.04277694395224269,0.21967959998855077
